,name,tabulatype,buildingInput_street,buildingInput_number,buildingInput_bus_number,buildingInput_zipcode,buildingInput_municipality,buildingInput_country,buildingInput_construction_year,buildingInput_type,buildingInput_floors,buildingInput_floor_area,geometryInput_protected_volume,geometryInput_protected_volume_without_attic,geometryInput_floor_surface,geometryInput_floor,geometryInput_pitched_roof,geometryInput_flat_roof,geometryInput_door,geometryInput_wall,geometryInput_window_N,geometryInput_window_NE,geometryInput_window_E,geometryInput_window_SE,geometryInput_window_S,geometryInput_window_SW,geometryInput_window_W,geometryInput_window_NW,current_area,GRB_OIDN,GRB_UIDN,ratio_window_to_facade,ratio_wall_to_facade,facade_shared,wall_N,wall_NE,wall_E,wall_SE,wall_S,wall_SW,wall_W,wall_NW,roofInput_u_value,wallInput_u_value,floorInput_u_value,windowInput_u_value,facade_exterior,facade_N,facade_NE,facade_E,facade_SE,facade_S,facade_SW,facade_W,facade_NW,Year_of_consumption_data,Electricity_consumption_specific,Gas_consumption_specific,Electricity_consumption,Gas_consumption,Gas_consumption_m3,GEMEENTE_STRAAT,construction_year,inhabitants,geometryInput_total_roof,boiler_year,heating_type,heating_subtype,boiler_label,Heating fuel (gas or oil),DHW fuel (gas/oil/ele),oil_consumption_kwh,oil_consumption_liter,pv,gas_consumption_m3,name.1,groundfloor_area,WWR[-],number_inhabitants,typologie,CONSTR_PERIOD,clu_lab,v50
0,Type_3,Type3,Type,3.0,,3000.0,Tabula,Belgium,1940.0,terraced_building,3.0,97.66122157375729,285.0868404105454,,54.05914469712216,54.05914469712216,39.47037364996311,19.735186824981554,0,51.09949285570537,2.9889112497484405,0,2.9889112497484405,0,2.9889112497484405,0,2.9889112497484405,0,,,,,,,12.774873213926343,0,12.774873213926343,0,12.774873213926343,0,12.774873213926343,0,0.7384762699190641,1.8604707421841222,0.8239629156881569,2.868625430621928,92.0,,,,,,,,,,,,,,,,1945.0,2.0,90.0,,boiler,standard,standard,gas,gas,,,,,Type_3,54.05914469712216,,2,GESLOTEN,pre 45,0_0,12
1,Type_3,Type3,Type,3.0,,3000.0,Tabula,Belgium,1940.0,terraced_building,3.0,96.41876596424011,284.3429294380588,,55.277001915708816,55.277001915708816,38.00235419327373,19.001177096636866,0,56.40254948914432,3.1540692848020435,0,3.1540692848020435,0,3.1540692848020435,0,3.1540692848020435,0,,,,,,,14.10063737228608,0,14.10063737228608,0,14.10063737228608,0,14.10063737228608,0,2.122161257385371,2.3372467927124405,0.9725429910502162,3.708166100699239,92.0,,,,,,,,,,,,,,,,1945.0,2.0,90.0,,boiler,standard,standard,gas,gas,,,,,Type_3,55.277001915708816,,2,GESLOTEN,pre 45,0_1,12
2,Type_3,Type3,Type,3.0,,3000.0,Tabula,Belgium,1940.0,terraced_building,3.0,94.69037086312987,280.2525594545152,,53.14443538998836,53.14443538998836,37.411455180442374,18.705727590221187,0,56.589198403459164,3.262514551804424,0,3.262514551804424,0,3.262514551804424,0,3.262514551804424,0,,,,,,,14.147299600864791,0,14.147299600864791,0,14.147299600864791,0,14.147299600864791,0,3.2970550384436677,2.537644172063609,1.1700659338751802,4.16849089672539,92.0,,,,,,,,,,,,,,,,1945.0,2.0,90.0,,boiler,standard,standard,gas,gas,,,,,Type_3,53.14443538998836,,2,GESLOTEN,pre 45,0_2,12
3,Type_3,Type3,Type,3.0,,3000.0,Tabula,Belgium,1940.0,terraced_building,3.0,133.29831397126262,409.5189452766738,,68.30327728523388,68.30327728523388,50.65668297156833,25.328341485784165,0,66.43530113115256,3.9646170895750537,0,3.9646170895750537,0,3.9646170895750537,0,3.9646170895750537,0,,,,,,,16.60882528278814,0,16.60882528278814,0,16.60882528278814,0,16.60882528278814,0,0.6936863218186926,1.8566016058631354,0.8516973082073497,2.8096254539330845,92.0,,,,,,,,,,,,,,,,1945.0,2.0,90.0,,boiler,standard,standard,gas,gas,,,,,Type_3,68.30327728523388,,2,GESLOTEN,pre 45,1_0,12
4,Type_3,Type3,Type,3.0,,3000.0,Tabula,Belgium,1940.0,terraced_building,3.0,131.87029486527706,406.99177766480256,,69.25503304524658,69.25503304524658,48.79461108286731,24.397305541433656,0,76.52479749195052,4.251723013048636,0,4.251723013048636,0,4.251723013048636,0,4.251723013048636,0,,,,,,,19.13119937298763,0,19.13119937298763,0,19.13119937298763,0,19.13119937298763,0,1.9529002489253176,2.3356530199874173,1.048871907476548,3.5719365894364685,92.0,,,,,,,,,,,,,,,,1945.0,2.0,90.0,,boiler,standard,standard,gas,gas,,,,,Type_3,69.25503304524658,,2,GESLOTEN,pre 45,1_1,12
5,Type_3,Type3,Type,3.0,,3000.0,Tabula,Belgium,1940.0,terraced_building,3.0,132.5385653930933,409.5473567229978,,67.65267450404114,67.65267450404114,47.853148420279204,23.926574210139602,0,78.37030859662013,4.565930841293167,0,4.565930841293167,0,4.565930841293167,0,4.565930841293167,0,,,,,,,19.592577149155034,0,19.592577149155034,0,19.592577149155034,0,19.592577149155034,0,3.351490214913135,2.512827179918997,1.2269174854929021,4.0034315218825665,92.0,,,,,,,,,,,,,,,,1945.0,2.0,90.0,,boiler,standard,standard,gas,gas,,,,,Type_3,67.65267450404114,,2,GESLOTEN,pre 45,1_2,12
6,Type_3,Type3,Type,3.0,,3000.0,Tabula,Belgium,1940.0,terraced_building,3.0,180.74119387579563,583.5587665577154,,85.83238259074488,85.83238259074488,64.84941797121395,32.424708985606976,0,94.61113194563909,5.6737050576294505,0,5.6737050576294505,0,5.6737050576294505,0,5.6737050576294505,0,,,,,,,23.652782986409772,0,23.652782986409772,0,23.652782986409772,0,23.652782986409772,0,0.6773161968034306,1.7843146986764906,0.9040094183261315,2.789073252894815,92.0,,,,,,,,,,,,,,,,1945.0,2.0,90.0,,boiler,standard,standard,gas,gas,,,,,Type_3,85.83238259074488,,2,GESLOTEN,pre 45,2_0,12
7,Type_3,Type3,Type,3.0,,3000.0,Tabula,Belgium,1940.0,terraced_building,3.0,183.63912354804646,594.4139281942978,,84.89006335797255,84.89006335797255,61.27006218467676,30.63503109233838,0,109.11290742696234,6.2150149595212945,0,6.2150149595212945,0,6.2150149595212945,0,6.2150149595212945,0,,,,,,,27.278226856740584,0,27.278226856740584,0,27.278226856740584,0,27.278226856740584,0,1.7531689594042614,2.30945258454444,1.1553114202611208,3.4583837115598506,92.0,,,,,,,,,,,,,,,,1945.0,2.0,90.0,,boiler,standard,standard,gas,gas,,,,,Type_3,84.89006335797255,,2,GESLOTEN,pre 45,2_1,12
8,Type_3,Type3,Type,3.0,,3000.0,Tabula,Belgium,1940.0,terraced_building,3.0,183.85318902335092,600.5107380262485,,83.14664223623657,83.14664223623657,59.24550423271405,29.622752116357024,0,110.80483892960628,6.675019601159025,0,6.675019601159025,0,6.675019601159025,0,6.675019601159025,0,,,,,,,27.70120973240157,0,27.70120973240157,0,27.70120973240157,0,27.70120973240157,0,3.34653326976447,2.5018051714887988,1.314418954509337,4.007235095642554,92.0,,,,,,,,,,,,,,,,1945.0,2.0,90.0,,boiler,standard,standard,gas,gas,,,,,Type_3,83.14664223623657,,2,GESLOTEN,pre 45,2_2,12
9,Type_8,Type8,Type,8.0,,3000.0,Tabula,Belgium,1960.0,terraced_building,3.0,103.57591020408164,298.566312244898,,56.60511224489796,56.60511224489796,40.875564625850345,20.437782312925172,0,57.31156734693877,3.9008714285714285,0,3.9008714285714285,0,3.9008714285714285,0,3.9008714285714285,0,,,,,,,14.327891836734693,0,14.327891836734693,0,14.327891836734693,0,14.327891836734693,0,0.7363367006606072,1.740003684143864,0.8729428574350798,2.799230223173643,79.1,,,,,,,,,,,,,,,,1958.0,2.0,90.8,,boiler,standard,standard,gas,gas,,,,,Type_8,56.60511224489796,,2,GESLOTEN,45-70,0_0,12
10,Type_8,Type8,Type,8.0,,3000.0,Tabula,Belgium,1960.0,terraced_building,3.0,105.11523562920767,302.93973416191955,,58.53543069221474,58.53543069221474,39.67545083146326,19.83772541573163,0,61.62585879509753,4.198302261349905,0,4.198302261349905,0,4.198302261349905,0,4.198302261349905,0,,,,,,,15.406464698774382,0,15.406464698774382,0,15.406464698774382,0,15.406464698774382,0,2.3128402643456583,2.1401443824927977,1.036442208014114,3.557338267854183,79.1,,,,,,,,,,,,,,,,1958.0,2.0,90.8,,boiler,standard,standard,gas,gas,,,,,Type_8,58.53543069221474,,2,GESLOTEN,45-70,0_1,12
11,Type_8,Type8,Type,8.0,,3000.0,Tabula,Belgium,1960.0,terraced_building,3.0,104.38630656934306,303.28954379562043,,56.52047810218978,56.52047810218978,39.47107664233577,19.735538321167883,0,60.4956697080292,4.31414598540146,0,4.31414598540146,0,4.31414598540146,0,4.31414598540146,0,,,,,,,15.1239174270073,0,15.1239174270073,0,15.1239174270073,0,15.1239174270073,0,3.266783162355148,2.411561713918303,1.2844994983182867,4.089788818536256,79.1,,,,,,,,,,,,,,,,1958.0,2.0,90.8,,boiler,standard,standard,gas,gas,,,,,Type_8,56.52047810218978,,2,GESLOTEN,45-70,0_2,12
12,Type_8,Type8,Type,8.0,,3000.0,Tabula,Belgium,1960.0,terraced_building,3.0,141.23095374686267,422.78207780566515,,69.7451738974543,69.7451738974543,52.29993785108163,26.149968925540815,0,70.85343313015417,5.097942362854069,0,5.097942362854069,0,5.097942362854069,0,5.097942362854069,0,,,,,,,17.713358282538543,0,17.713358282538543,0,17.713358282538543,0,17.713358282538543,0,0.733461908142046,1.8269795714043804,0.9108403494361937,2.788181759741909,79.1,,,,,,,,,,,,,,,,1958.0,2.0,90.8,,boiler,standard,standard,gas,gas,,,,,Type_8,69.7451738974543,,2,GESLOTEN,45-70,1_0,12
13,Type_8,Type8,Type,8.0,,3000.0,Tabula,Belgium,1960.0,terraced_building,3.0,141.8763740062219,422.3445108883512,,72.0626374006222,72.0626374006222,50.11583592579791,25.057917962898955,0,78.43530245419979,5.49810879709644,0,5.49810879709644,0,5.49810879709644,0,5.49810879709644,0,,,,,,,19.608825613549946,0,19.608825613549946,0,19.608825613549946,0,19.608825613549946,0,2.1459319896878077,2.1523828786232135,1.0634710127362488,3.5723436073031736,79.1,,,,,,,,,,,,,,,,1958.0,2.0,90.8,,boiler,standard,standard,gas,gas,,,,,Type_8,72.0626374006222,,2,GESLOTEN,45-70,1_1,12
14,Type_8,Type8,Type,8.0,,3000.0,Tabula,Belgium,1960.0,terraced_building,3.0,141.55271733187536,422.1038600328048,,69.4483087297248,69.4483087297248,48.971555798554164,24.485777899277082,0,78.51280116639329,5.861257062146892,0,5.861257062146892,0,5.861257062146892,0,5.861257062146892,0,,,,,,,19.628200291598322,0,19.628200291598322,0,19.628200291598322,0,19.628200291598322,0,3.375890907498407,2.3633954108596957,1.2450059404924267,4.011477801183583,79.1,,,,,,,,,,,,,,,,1958.0,2.0,90.8,,boiler,standard,standard,gas,gas,,,,,Type_8,69.4483087297248,,2,GESLOTEN,45-70,1_2,12
15,Type_8,Type8,Type,8.0,,3000.0,Tabula,Belgium,1960.0,terraced_building,3.0,186.14396871777245,580.673726366449,,86.57421622550704,86.57421622550704,66.06771972040794,33.03385986020397,0,91.02131316603644,6.547345307665865,0,6.547345307665865,0,6.547345307665865,0,6.547345307665865,0,,,,,,,22.75532829150911,0,22.75532829150911,0,22.75532829150911,0,22.75532829150911,0,0.7320457477092905,1.801650545769169,0.9243634377995036,2.8694558876070344,79.1,,,,,,,,,,,,,,,,1958.0,2.0,90.8,,boiler,standard,standard,gas,gas,,,,,Type_8,86.57421622550704,,2,GESLOTEN,45-70,2_0,12
16,Type_8,Type8,Type,8.0,,3000.0,Tabula,Belgium,1960.0,terraced_building,3.0,186.72757436192668,575.9700057570524,,87.29428324697754,87.29428324697754,62.89771636921897,31.448858184609485,0,99.96078679715986,7.151163404336979,0,7.151163404336979,0,7.151163404336979,0,7.151163404336979,0,,,,,,,24.990196699289964,0,24.990196699289964,0,24.990196699289964,0,24.990196699289964,0,1.9980513860813782,2.1718043247741927,1.0903264296401136,3.5620003517236656,79.1,,,,,,,,,,,,,,,,1958.0,2.0,90.8,,boiler,standard,standard,gas,gas,,,,,Type_8,87.29428324697754,,2,GESLOTEN,45-70,2_1,12
17,Type_8,Type8,Type,8.0,,3000.0,Tabula,Belgium,1960.0,terraced_building,3.0,187.66713267029462,577.9371589416401,,83.07842184274723,83.07842184274723,59.790589854256574,29.895294927128287,0,98.20558829048602,7.4950830362169265,0,7.4950830362169265,0,7.4950830362169265,0,7.4950830362169265,0,,,,,,,24.551397072621505,0,24.551397072621505,0,24.551397072621505,0,24.551397072621505,0,3.48323113356887,2.354233440906046,1.2384920392628183,4.023699105013633,79.1,,,,,,,,,,,,,,,,1958.0,2.0,90.8,,boiler,standard,standard,gas,gas,,,,,Type_8,83.07842184274723,,2,GESLOTEN,45-70,2_2,12
18,Type_13,Type13,Type,13.0,,3000.0,Tabula,Belgium,1980.0,terraced_building,3.0,101.66863945578231,292.6868990929705,,69.0840589569161,69.0840589569161,48.74325774754346,24.371628873771733,0,62.7652380952381,4.396648242630386,0,4.396648242630386,0,4.396648242630386,0,4.396648242630386,0,,,,,,,15.691309523809524,0,15.691309523809524,0,15.691309523809524,0,15.691309523809524,0,0.58060312487211,1.0860015730370647,0.725140208426022,2.828074317732381,70.1,,,,,,,,,,,,,,,,1980.0,2.0,78.6,,boiler,standard,standard,gas,gas,,,,,Type_13,69.0840589569161,,2,GESLOTEN,71-90,0_0,12
19,Type_13,Type13,Type,13.0,,3000.0,Tabula,Belgium,1980.0,terraced_building,3.0,104.54645317220545,299.78873111782474,,63.72166163141994,63.72166163141994,44.86761732124874,22.43380866062437,0,67.48922054380665,4.770608761329306,0,4.770608761329306,0,4.770608761329306,0,4.770608761329306,0,,,,,,,16.872305135951663,0,16.872305135951663,0,16.872305135951663,0,16.872305135951663,0,0.9187128509884742,1.5920498960163842,0.8214870993673118,3.2326006444146107,70.1,,,,,,,,,,,,,,,,1980.0,2.0,78.6,,boiler,standard,standard,gas,gas,,,,,Type_13,63.72166163141994,,2,GESLOTEN,71-90,0_1,12
20,Type_13,Type13,Type,13.0,,3000.0,Tabula,Belgium,1980.0,terraced_building,3.0,112.24642764015644,315.07305736636243,,60.75961538461539,60.75961538461539,42.04298565840938,21.021492829204693,0,68.65713168187744,5.4850472620599735,0,5.4850472620599735,0,5.4850472620599735,0,5.4850472620599735,0,,,,,,,17.16428292046936,0,17.16428292046936,0,17.16428292046936,0,17.16428292046936,0,1.8416775190090202,1.7985663738060405,1.0415013646798161,3.9013267358457235,70.1,,,,,,,,,,,,,,,,1980.0,2.0,78.6,,boiler,standard,standard,gas,gas,,,,,Type_13,60.75961538461539,,2,GESLOTEN,71-90,0_2,12
21,Type_13,Type13,Type,13.0,,3000.0,Tabula,Belgium,1980.0,terraced_building,3.0,145.35868978805397,432.3219781631342,,77.81696852922286,77.81696852922286,57.735225861699845,28.867612930849923,0,76.51784200385356,5.931062941554272,0,5.931062941554272,0,5.931062941554272,0,5.931062941554272,0,,,,,,,19.12946050096339,0,19.12946050096339,0,19.12946050096339,0,19.12946050096339,0,0.5569871955093346,1.0697863329447463,0.7120088201944951,2.835835150712132,70.1,,,,,,,,,,,,,,,,1980.0,2.0,78.6,,boiler,standard,standard,gas,gas,,,,,Type_13,77.81696852922286,,2,GESLOTEN,71-90,1_0,12
22,Type_13,Type13,Type,13.0,,3000.0,Tabula,Belgium,1980.0,terraced_building,3.0,149.74889845094663,431.34851979345956,,74.10172690763052,74.10172690763052,52.69109581181869,26.345547905909353,0,82.40170969592656,6.850134825014343,0,6.850134825014343,0,6.850134825014343,0,6.850134825014343,0,,,,,,,20.60042742398164,0,20.60042742398164,0,20.60042742398164,0,20.60042742398164,0,0.8390106910906874,1.5481863555177058,0.7970877210216655,3.165254752046988,70.1,,,,,,,,,,,,,,,,1980.0,2.0,78.6,,boiler,standard,standard,gas,gas,,,,,Type_13,74.10172690763052,,2,GESLOTEN,71-90,1_1,12
23,Type_13,Type13,Type,13.0,,3000.0,Tabula,Belgium,1980.0,terraced_building,3.0,152.8052444922085,433.63694250403006,,69.41415368081677,69.41415368081677,47.67807988536629,23.839039942683147,0,78.80377216550242,7.5846265448683505,0,7.5846265448683505,0,7.5846265448683505,0,7.5846265448683505,0,,,,,,,19.700943041375606,0,19.700943041375606,0,19.700943041375606,0,19.700943041375606,0,1.7399987734975797,1.7236268750078136,0.979714036598538,3.839613159581682,70.1,,,,,,,,,,,,,,,,1980.0,2.0,78.6,,boiler,standard,standard,gas,gas,,,,,Type_13,69.41415368081677,,2,GESLOTEN,71-90,1_2,12
24,Type_13,Type13,Type,13.0,,3000.0,Tabula,Belgium,1980.0,terraced_building,3.0,191.4470803357314,583.9725659472422,,88.80733213429257,88.80733213429257,66.96315347721821,33.481576738609114,0,92.55460431654676,7.237727817745804,0,7.237727817745804,0,7.237727817745804,0,7.237727817745804,0,,,,,,,23.13865107913669,0,23.13865107913669,0,23.13865107913669,0,23.13865107913669,0,0.5564880537253357,1.029769596694861,0.7300680170821948,2.8501141381369606,70.1,,,,,,,,,,,,,,,,1980.0,2.0,78.6,,boiler,standard,standard,gas,gas,,,,,Type_13,88.80733213429257,,2,GESLOTEN,71-90,2_0,12
25,Type_13,Type13,Type,13.0,,3000.0,Tabula,Belgium,1980.0,terraced_building,3.0,189.76997702469848,565.6299540493969,,82.88038483630098,82.88038483630098,60.76217499521348,30.381087497606742,0,90.86021252153935,7.976815048822516,0,7.976815048822516,0,7.976815048822516,0,7.976815048822516,0,,,,,,,22.715053130384838,0,22.715053130384838,0,22.715053130384838,0,22.715053130384838,0,0.8096885023226537,1.4971781730184641,0.8523378160050746,3.194912930870454,70.1,,,,,,,,,,,,,,,,1980.0,2.0,78.6,,boiler,standard,standard,gas,gas,,,,,Type_13,82.88038483630098,,2,GESLOTEN,71-90,2_1,12
26,Type_13,Type13,Type,13.0,,3000.0,Tabula,Belgium,1980.0,terraced_building,3.0,192.0444228356336,570.4532747804266,,80.19386449184442,80.19386449184442,56.40561689669594,28.20280844834797,0,93.00419071518193,8.708270075282309,0,8.708270075282309,0,8.708270075282309,0,8.708270075282309,0,,,,,,,23.251047678795484,0,23.251047678795484,0,23.251047678795484,0,23.251047678795484,0,1.5934102363092408,1.7222231924627835,1.0405964773479743,3.834224463438206,70.1,,,,,,,,,,,,,,,,1980.0,2.0,78.6,,boiler,standard,standard,gas,gas,,,,,Type_13,80.19386449184442,,2,GESLOTEN,71-90,2_2,12
27,Type_18,Type18,Type,18.0,,3000.0,Tabula,Belgium,2000.0,terraced_building,3.0,109.38363811357074,314.6041482194418,,64.08844080846968,64.08844080846968,47.79661212704524,23.89830606352262,0,58.625563041385945,3.6814509143407124,0,3.6814509143407124,0,3.6814509143407124,0,3.6814509143407124,0,,,,,,,14.656390760346486,0,14.656390760346486,0,14.656390760346486,0,14.656390760346486,0,0.407901084262718,0.6173406394893733,0.5281403271213002,2.498588992748075,75.2,,,,,,,,,,,,,,,,1998.0,2.0,80.9,,boiler,standard,standard,gas,gas,,,,,Type_18,64.08844080846968,,2,GESLOTEN,91-05,0_0,12
28,Type_18,Type18,Type,18.0,,3000.0,Tabula,Belgium,2000.0,terraced_building,3.0,109.75385685884692,311.8421272365805,,59.28867793240557,59.28867793240557,43.8798674618953,21.93993373094765,0,59.727554671968186,4.074527833001988,0,4.074527833001988,0,4.074527833001988,0,4.074527833001988,0,,,,,,,14.931888667992046,0,14.931888667992046,0,14.931888667992046,0,14.931888667992046,0,0.5063936653821183,0.7218610622319801,0.6530284475491183,2.7211617429117196,75.2,,,,,,,,,,,,,,,,1998.0,2.0,80.9,,boiler,standard,standard,gas,gas,,,,,Type_18,59.28867793240557,,2,GESLOTEN,91-05,0_1,12
29,Type_18,Type18,Type,18.0,,3000.0,Tabula,Belgium,2000.0,terraced_building,3.0,110.76231132075472,312.8268985849057,,58.6741037735849,58.6741037735849,42.667099056603774,21.333549528301887,0,58.93291273584906,4.325097287735849,0,4.325097287735849,0,4.325097287735849,0,4.325097287735849,0,,,,,,,14.733228183962265,0,14.733228183962265,0,14.733228183962265,0,14.733228183962265,0,0.8008465611427441,1.0007370043348478,0.9826658265166132,2.8265541483873236,75.2,,,,,,,,,,,,,,,,1998.0,2.0,80.9,,boiler,standard,standard,gas,gas,,,,,Type_18,58.6741037735849,,2,GESLOTEN,91-05,0_2,12
30,Type_18,Type18,Type,18.0,,3000.0,Tabula,Belgium,2000.0,terraced_building,3.0,148.89321564885495,442.24604961832057,,76.51571564885496,76.51571564885496,59.42900763358779,29.714503816793894,0,69.90515267175573,4.818134541984732,0,4.818134541984732,0,4.818134541984732,0,4.818134541984732,0,,,,,,,17.476288167938932,0,17.476288167938932,0,17.476288167938932,0,17.476288167938932,0,0.3875119942436136,0.6349661270725858,0.5291888036325506,2.3938516511495136,75.2,,,,,,,,,,,,,,,,1998.0,2.0,80.9,,boiler,standard,standard,gas,gas,,,,,Type_18,76.51571564885496,,2,GESLOTEN,91-05,1_0,12
31,Type_18,Type18,Type,18.0,,3000.0,Tabula,Belgium,2000.0,terraced_building,3.0,151.8768737672584,444.4128205128205,,75.96591715976332,75.96591715976332,56.420059171597636,28.210029585798818,0,73.95295857988165,5.515544871794871,0,5.515544871794871,0,5.515544871794871,0,5.515544871794871,0,,,,,,,18.488239644970413,0,18.488239644970413,0,18.488239644970413,0,18.488239644970413,0,0.4778063983535345,0.724262372498213,0.668541295443071,2.717793302028491,75.2,,,,,,,,,,,,,,,,1998.0,2.0,80.9,,boiler,standard,standard,gas,gas,,,,,Type_18,75.96591715976332,,2,GESLOTEN,91-05,1_1,12
32,Type_18,Type18,Type,18.0,,3000.0,Tabula,Belgium,2000.0,terraced_building,3.0,155.09378894472363,448.414351758794,,71.57411055276383,71.57411055276383,51.91749413735343,25.958747068676715,0,71.27373869346734,6.252118090452261,0,6.252118090452261,0,6.252118090452261,0,6.252118090452261,0,,,,,,,17.818434673366834,0,17.818434673366834,0,17.818434673366834,0,17.818434673366834,0,0.7600420406644814,0.9190387362742442,0.9105071364568261,2.958741130358231,75.2,,,,,,,,,,,,,,,,1998.0,2.0,80.9,,boiler,standard,standard,gas,gas,,,,,Type_18,71.57411055276383,,2,GESLOTEN,91-05,1_2,12
33,Type_18,Type18,Type,18.0,,3000.0,Tabula,Belgium,2000.0,terraced_building,3.0,192.8635,596.0168837209303,,91.26220930232559,91.26220930232559,71.65838759689922,35.82919379844961,0,89.6793488372093,5.973808139534884,0,5.973808139534884,0,5.973808139534884,0,5.973808139534884,0,,,,,,,22.419837209302326,0,22.419837209302326,0,22.419837209302326,0,22.419837209302326,0,0.3915580747869919,0.6167433892490127,0.5277832904759546,2.3628203100000236,75.2,,,,,,,,,,,,,,,,1998.0,2.0,80.9,,boiler,standard,standard,gas,gas,,,,,Type_18,91.26220930232559,,2,GESLOTEN,91-05,2_0,12
34,Type_18,Type18,Type,18.0,,3000.0,Tabula,Belgium,2000.0,terraced_building,3.0,194.94249015748034,597.0189960629922,,86.51431102362204,86.51431102362204,67.89659448818898,33.94829724409449,0,87.50608267716535,6.661663385826771,0,6.661663385826771,0,6.661663385826771,0,6.661663385826771,0,,,,,,,21.876520669291338,0,21.876520669291338,0,21.876520669291338,0,21.876520669291338,0,0.46919517009624406,0.7000150001504085,0.6912149369350846,2.718178458031742,75.2,,,,,,,,,,,,,,,,1998.0,2.0,80.9,,boiler,standard,standard,gas,gas,,,,,Type_18,86.51431102362204,,2,GESLOTEN,91-05,2_1,12
35,Type_18,Type18,Type,18.0,,3000.0,Tabula,Belgium,2000.0,terraced_building,3.0,197.56097826086958,594.5561322463768,,83.04136775362319,83.04136775362319,62.49939009661835,31.249695048309174,0,89.33884057971015,7.749814311594203,0,7.749814311594203,0,7.749814311594203,0,7.749814311594203,0,,,,,,,22.334710144927538,0,22.334710144927538,0,22.334710144927538,0,22.334710144927538,0,0.6584311869362808,0.9138819820406404,0.9283725879220227,2.9765187280697645,75.2,,,,,,,,,,,,,,,,1998.0,2.0,80.9,,boiler,standard,standard,gas,gas,,,,,Type_18,83.04136775362319,,2,GESLOTEN,91-05,2_2,12
36,Type_28,Type28,Type,28.0,,3000.0,Tabula,Belgium,2015.0,terraced_building,3.0,113.05454545454545,333.90221343873515,,63.26375494071146,63.26375494071146,47.766297760210804,23.883148880105402,0,55.39478260869565,3.629792490118577,0,3.629792490118577,0,3.629792490118577,0,3.629792490118577,0,,,,,,,13.848695652173912,0,13.848695652173912,0,13.848695652173912,0,13.848695652173912,0,0.31510866323159287,0.4935233100005771,0.3839227801789407,2.0927713133085772,72.0,,,,,,,,,,,,,,,,2012.0,2.0,68.0,,boiler,condensing,condensing,gas,gas,,,,,Type_28,63.26375494071146,,2,GESLOTEN,06-12,0_0,12
37,Type_28,Type28,Type,28.0,,3000.0,Tabula,Belgium,2015.0,terraced_building,3.0,116.18599999999999,339.1984255319149,,60.406510638297874,60.406510638297874,44.85537588652482,22.42768794326241,0,62.01148936170213,4.139936170212766,0,4.139936170212766,0,4.139936170212766,0,4.139936170212766,0,,,,,,,15.502872340425533,0,15.502872340425533,0,15.502872340425533,0,15.502872340425533,0,0.37525094461565955,0.5763825558419234,0.5500681560241703,2.1782332001111913,72.0,,,,,,,,,,,,,,,,2012.0,2.0,68.0,,boiler,condensing,condensing,gas,gas,,,,,Type_28,60.406510638297874,,2,GESLOTEN,06-12,0_1,12
38,Type_28,Type28,Type,28.0,,3000.0,Tabula,Belgium,2015.0,terraced_building,3.0,118.48634980988594,341.05467680608365,,59.95802281368822,59.95802281368822,41.232598225602025,20.616299112801013,0,61.63346007604563,5.020503802281368,0,5.020503802281368,0,5.020503802281368,0,5.020503802281368,0,,,,,,,15.408365019011407,0,15.408365019011407,0,15.408365019011407,0,15.408365019011407,0,0.5473228428490875,0.760973396859384,0.6757261804988214,2.4409736938003426,72.0,,,,,,,,,,,,,,,,2012.0,2.0,68.0,,boiler,condensing,condensing,gas,gas,,,,,Type_28,59.95802281368822,,2,GESLOTEN,06-12,0_2,12
39,Type_28,Type28,Type,28.0,,3000.0,Tabula,Belgium,2015.0,terraced_building,3.0,147.62842696629212,449.9005243445693,,75.76831460674157,75.76831460674157,60.35790262172284,30.17895131086142,0,76.3379775280899,4.923071161048689,0,4.923071161048689,0,4.923071161048689,0,4.923071161048689,0,,,,,,,19.084494382022474,0,19.084494382022474,0,19.084494382022474,0,19.084494382022474,0,0.3046005198230562,0.4830341035595356,0.38011407746277526,2.040579380484195,72.0,,,,,,,,,,,,,,,,2012.0,2.0,68.0,,boiler,condensing,condensing,gas,gas,,,,,Type_28,75.76831460674157,,2,GESLOTEN,06-12,1_0,12
40,Type_28,Type28,Type,28.0,,3000.0,Tabula,Belgium,2015.0,terraced_building,3.0,153.10432835820896,456.4602985074627,,75.10832089552238,75.10832089552238,56.860771144278594,28.430385572139297,0,72.22634328358208,5.261828358208955,0,5.261828358208955,0,5.261828358208955,0,5.261828358208955,0,,,,,,,18.05658582089552,0,18.05658582089552,0,18.05658582089552,0,18.05658582089552,0,0.3567050905573843,0.5947805804399477,0.4969332269269478,2.241739232054888,72.0,,,,,,,,,,,,,,,,2012.0,2.0,68.0,,boiler,condensing,condensing,gas,gas,,,,,Type_28,75.10832089552238,,2,GESLOTEN,06-12,1_1,12
41,Type_28,Type28,Type,28.0,,3000.0,Tabula,Belgium,2015.0,terraced_building,3.0,154.918671875,454.241640625,,70.525,70.525,50.30859374999999,25.154296874999996,0,76.934765625,6.553857421875,0,6.553857421875,0,6.553857421875,0,6.553857421875,0,,,,,,,19.23369140625,0,19.23369140625,0,19.23369140625,0,19.23369140625,0,0.49175485059651564,0.6925041284924609,0.6475608563058203,2.442544761091875,72.0,,,,,,,,,,,,,,,,2012.0,2.0,68.0,,boiler,condensing,condensing,gas,gas,,,,,Type_28,70.525,,2,GESLOTEN,06-12,1_2,12
42,Type_28,Type28,Type,28.0,,3000.0,Tabula,Belgium,2015.0,terraced_building,3.0,185.5060743801653,595.4665702479339,,88.14280991735538,88.14280991735538,71.47807162534434,35.73903581267217,0,86.7545041322314,5.6538119834710745,0,5.6538119834710745,0,5.6538119834710745,0,5.6538119834710745,0,,,,,,,21.68862603305785,0,21.68862603305785,0,21.68862603305785,0,21.68862603305785,0,0.30511692741962815,0.47442508967277686,0.3810544631281736,2.1429481253173965,72.0,,,,,,,,,,,,,,,,2012.0,2.0,68.0,,boiler,condensing,condensing,gas,gas,,,,,Type_28,88.14280991735538,,2,GESLOTEN,06-12,2_0,12
43,Type_28,Type28,Type,28.0,,3000.0,Tabula,Belgium,2015.0,terraced_building,3.0,188.9687632508834,594.066148409894,,84.52265017667844,84.52265017667844,65.48204946996465,32.741024734982325,0,86.70434628975265,6.441457597173145,0,6.441457597173145,0,6.441457597173145,0,6.441457597173145,0,,,,,,,21.676086572438162,0,21.676086572438162,0,21.676086572438162,0,21.676086572438162,0,0.3595961799734134,0.5738331949786961,0.49727327865520843,2.263634531265477,72.0,,,,,,,,,,,,,,,,2012.0,2.0,68.0,,boiler,condensing,condensing,gas,gas,,,,,Type_28,84.52265017667844,,2,GESLOTEN,06-12,2_1,12
44,Type_28,Type28,Type,28.0,,3000.0,Tabula,Belgium,2015.0,terraced_building,3.0,192.03736625514404,608.4030864197531,,82.88506172839506,82.88506172839506,62.03725651577503,31.018628257887514,0,93.93971193415638,7.789691358024691,0,7.789691358024691,0,7.789691358024691,0,7.789691358024691,0,,,,,,,23.484927983539094,0,23.484927983539094,0,23.484927983539094,0,23.484927983539094,0,0.5538242268352098,0.7750154586981194,0.6783782545849341,2.409140540090412,72.0,,,,,,,,,,,,,,,,2012.0,2.0,68.0,,boiler,condensing,condensing,gas,gas,,,,,Type_28,82.88506172839506,,2,GESLOTEN,06-12,2_2,12
45,Type_2,Type2,Type,2.0,,3000.0,Tabula,Belgium,1940.0,semi_detached_building,2.0,101.92039141414142,292.0570917508418,,63.41623316498317,63.41623316498317,46.7779797979798,23.3889898989899,0,100.17407828282828,3.2538583754208754,0,3.2538583754208754,0,3.2538583754208754,0,3.2538583754208754,0,,,,,,,25.04351957070707,0,25.04351957070707,0,25.04351957070707,0,25.04351957070707,0,0.748815248417045,1.6526475174396975,0.832082680762487,2.943436621238443,158.2,,,,,,,,,,,,,,,,1945.0,2.0,119.9,,boiler,standard,standard,gas,gas,,,,,Type_2,63.41623316498317,,2,HALF_OPEN,pre 45,0_0,12
46,Type_2,Type2,Type,2.0,,3000.0,Tabula,Belgium,1940.0,semi_detached_building,2.0,100.11154715762274,289.72296834625325,,64.38288436692507,64.38288436692507,44.49169681309217,22.245848406546084,0,103.98539405684755,3.427390988372093,0,3.427390988372093,0,3.427390988372093,0,3.427390988372093,0,,,,,,,25.99634851421189,0,25.99634851421189,0,25.99634851421189,0,25.99634851421189,0,2.052705541724468,2.2549633497062453,0.953205723469343,3.6935517581377875,158.2,,,,,,,,,,,,,,,,1945.0,2.0,119.9,,boiler,standard,standard,gas,gas,,,,,Type_2,64.38288436692507,,2,HALF_OPEN,pre 45,0_1,12
47,Type_2,Type2,Type,2.0,,3000.0,Tabula,Belgium,1940.0,semi_detached_building,2.0,99.01146391752577,284.8777967599411,,60.83224153166421,60.83224153166421,43.20121747668139,21.600608738340696,0,104.39787923416789,3.5084594992636227,0,3.5084594992636227,0,3.5084594992636227,0,3.5084594992636227,0,,,,,,,26.099469808541972,0,26.099469808541972,0,26.099469808541972,0,26.099469808541972,0,3.1987423666675094,2.542764252946875,1.0806220482586366,4.188769843870556,158.2,,,,,,,,,,,,,,,,1945.0,2.0,119.9,,boiler,standard,standard,gas,gas,,,,,Type_2,60.83224153166421,,2,HALF_OPEN,pre 45,0_2,12
48,Type_2,Type2,Type,2.0,,3000.0,Tabula,Belgium,1940.0,semi_detached_building,2.0,141.88285575992253,424.07107454017427,,81.27855437237818,81.27855437237818,60.48108206948477,30.240541034742385,0,130.18090029041625,4.397798483381736,0,4.397798483381736,0,4.397798483381736,0,4.397798483381736,0,,,,,,,32.54522507260406,0,32.54522507260406,0,32.54522507260406,0,32.54522507260406,0,0.7552931039053983,1.6378303181808227,0.8388633950205834,2.8685309056835204,158.2,,,,,,,,,,,,,,,,1945.0,2.0,119.9,,boiler,standard,standard,gas,gas,,,,,Type_2,81.27855437237818,,2,HALF_OPEN,pre 45,1_0,12
49,Type_2,Type2,Type,2.0,,3000.0,Tabula,Belgium,1940.0,semi_detached_building,2.0,139.71350605026373,421.1423704623022,,80.87375736891096,80.87375736891096,56.944194849519086,28.472097424759543,0,138.17441824387217,4.674564070741545,0,4.674564070741545,0,4.674564070741545,0,4.674564070741545,0,,,,,,,34.54360456096804,0,34.54360456096804,0,34.54360456096804,0,34.54360456096804,0,1.9483370106708962,2.2495583142614977,1.0019097480889718,3.5207272205431774,158.2,,,,,,,,,,,,,,,,1945.0,2.0,119.9,,boiler,standard,standard,gas,gas,,,,,Type_2,80.87375736891096,,2,HALF_OPEN,pre 45,1_1,12
50,Type_2,Type2,Type,2.0,,3000.0,Tabula,Belgium,1940.0,semi_detached_building,2.0,139.40236451501553,420.78906109768724,,78.9671108042803,78.9671108042803,55.993807386952014,27.996903693476007,0,138.32224715222642,4.82039868829824,0,4.82039868829824,0,4.82039868829824,0,4.82039868829824,0,,,,,,,34.580561788056606,0,34.580561788056606,0,34.580561788056606,0,34.580561788056606,0,3.1917607144163043,2.5068359059647567,1.1303112027700135,4.062897292983196,158.2,,,,,,,,,,,,,,,,1945.0,2.0,119.9,,boiler,standard,standard,gas,gas,,,,,Type_2,78.9671108042803,,2,HALF_OPEN,pre 45,1_2,12
51,Type_2,Type2,Type,2.0,,3000.0,Tabula,Belgium,1940.0,semi_detached_building,2.0,189.0935153980244,599.039822777455,,102.3206682161534,102.3206682161534,78.30081154367616,39.15040577183808,0,164.73878849506102,6.093751452643812,0,6.093751452643812,0,6.093751452643812,0,6.093751452643812,0,,,,,,,41.184697123765254,0,41.184697123765254,0,41.184697123765254,0,41.184697123765254,0,0.7107010994972972,1.5949868255373367,0.8691118249103927,2.80984729148199,158.2,,,,,,,,,,,,,,,,1945.0,2.0,119.9,,boiler,standard,standard,gas,gas,,,,,Type_2,102.3206682161534,,2,HALF_OPEN,pre 45,2_0,12
52,Type_2,Type2,Type,2.0,,3000.0,Tabula,Belgium,1940.0,semi_detached_building,2.0,188.89547071129707,598.0829532775452,,99.78777545327756,99.78777545327756,71.8776569037657,35.93882845188285,0,176.54051952580195,6.409843967921897,0,6.409843967921897,0,6.409843967921897,0,6.409843967921897,0,,,,,,,44.13512988145049,0,44.13512988145049,0,44.13512988145049,0,44.13512988145049,0,1.782529273718553,2.2519778080264348,1.0647363105227154,3.4772730664994493,158.2,,,,,,,,,,,,,,,,1945.0,2.0,119.9,,boiler,standard,standard,gas,gas,,,,,Type_2,99.78777545327756,,2,HALF_OPEN,pre 45,2_1,12
53,Type_2,Type2,Type,2.0,,3000.0,Tabula,Belgium,1940.0,semi_detached_building,2.0,188.34454857142856,600.6465295238095,,98.56206857142857,98.56206857142857,70.80410158730159,35.402050793650794,0,177.99013714285715,6.817269523809524,0,6.817269523809524,0,6.817269523809524,0,6.817269523809524,0,,,,,,,44.49753428571429,0,44.49753428571429,0,44.49753428571429,0,44.49753428571429,0,3.226096616478463,2.486938039739905,1.1939739697671186,4.0601890554003806,158.2,,,,,,,,,,,,,,,,1945.0,2.0,119.9,,boiler,standard,standard,gas,gas,,,,,Type_2,98.56206857142857,,2,HALF_OPEN,pre 45,2_2,12
54,Type_7,Type7,Type,7.0,,3000.0,Tabula,Belgium,1960.0,semi_detached_building,2.0,108.27127917026793,309.14430596369925,,65.84990492653414,65.84990492653414,47.17551598962834,23.58775799481417,0,99.68389974070872,4.60970786516854,0,4.60970786516854,0,4.60970786516854,0,4.60970786516854,0,,,,,,,24.92097493517718,0,24.92097493517718,0,24.92097493517718,0,24.92097493517718,0,0.7884045290756434,1.6909365102146299,0.8930264915410673,2.8609088085499383,133.1,,,,,,,,,,,,,,,,1958.0,2.0,101.4,,boiler,standard,standard,gas,gas,,,,,Type_7,65.84990492653414,,2,HALF_OPEN,45-70,0_0,12
55,Type_7,Type7,Type,7.0,,3000.0,Tabula,Belgium,1960.0,semi_detached_building,2.0,112.98803141805831,322.33572176620436,,65.8033569204642,65.8033569204642,44.87654307010095,22.438271535050475,0,107.51499716954429,4.9258303849419764,0,4.9258303849419764,0,4.9258303849419764,0,4.9258303849419764,0,,,,,,,26.878749292386072,0,26.878749292386072,0,26.878749292386072,0,26.878749292386072,0,2.2993935553026312,2.0083308994179956,0.9929063945498987,3.517118484373531,133.1,,,,,,,,,,,,,,,,1958.0,2.0,101.4,,boiler,standard,standard,gas,gas,,,,,Type_7,65.8033569204642,,2,HALF_OPEN,45-70,0_1,12
56,Type_7,Type7,Type,7.0,,3000.0,Tabula,Belgium,1960.0,semi_detached_building,2.0,112.70190145830384,320.77223700976924,,65.05038510547925,65.05038510547925,45.55995374958704,22.77997687479352,0,106.48735806314596,5.037885813393742,0,5.037885813393742,0,5.037885813393742,0,5.037885813393742,0,,,,,,,26.62183951578649,0,26.62183951578649,0,26.62183951578649,0,26.62183951578649,0,3.164697585224538,2.3303077671042605,1.1619064175576954,4.047591057147393,133.1,,,,,,,,,,,,,,,,1958.0,2.0,101.4,,boiler,standard,standard,gas,gas,,,,,Type_7,65.05038510547925,,2,HALF_OPEN,45-70,0_2,12
57,Type_7,Type7,Type,7.0,,3000.0,Tabula,Belgium,1960.0,semi_detached_building,2.0,147.6668608110224,437.4749084077032,,80.4815249726006,80.4815249726006,59.921685715776825,29.960842857888412,0,126.1388570533897,6.016403240958197,0,6.016403240958197,0,6.016403240958197,0,6.016403240958197,0,,,,,,,31.534714263347425,0,31.534714263347425,0,31.534714263347425,0,31.534714263347425,0,0.8054212315735082,1.7043538028283438,0.9070220212833139,2.8634357183192582,133.1,,,,,,,,,,,,,,,,1958.0,2.0,101.4,,boiler,standard,standard,gas,gas,,,,,Type_7,80.4815249726006,,2,HALF_OPEN,45-70,1_0,12
58,Type_7,Type7,Type,7.0,,3000.0,Tabula,Belgium,1960.0,semi_detached_building,2.0,147.55807590344634,433.8300516255058,,81.75579880005581,81.75579880005581,57.03249616296915,28.516248081484576,0,130.4162076182503,6.293841914329565,0,6.293841914329565,0,6.293841914329565,0,6.293841914329565,0,,,,,,,32.604051904562574,0,32.604051904562574,0,32.604051904562574,0,32.604051904562574,0,2.2140065842328203,2.0232149962142487,1.0075134035878495,3.5755128507037393,133.1,,,,,,,,,,,,,,,,1958.0,2.0,101.4,,boiler,standard,standard,gas,gas,,,,,Type_7,81.75579880005581,,2,HALF_OPEN,45-70,1_1,12
59,Type_7,Type7,Type,7.0,,3000.0,Tabula,Belgium,1960.0,semi_detached_building,2.0,147.23845062429058,433.1721552213394,,81.14631668558457,81.14631668558457,57.33303443057131,28.666517215285655,0,130.66371311010215,6.499291643019296,0,6.499291643019296,0,6.499291643019296,0,6.499291643019296,0,,,,,,,32.66592827752554,0,32.66592827752554,0,32.66592827752554,0,32.66592827752554,0,3.174749037703266,2.2929003328641366,1.1787776260492964,4.091277617556989,133.1,,,,,,,,,,,,,,,,1958.0,2.0,101.4,,boiler,standard,standard,gas,gas,,,,,Type_7,81.14631668558457,,2,HALF_OPEN,45-70,1_2,12
60,Type_7,Type7,Type,7.0,,3000.0,Tabula,Belgium,1960.0,semi_detached_building,2.0,189.88021022945776,589.5490001281887,,99.93656838866812,99.93656838866812,76.84028286971754,38.42014143485877,0,151.6319997436226,7.452075695423664,0,7.452075695423664,0,7.452075695423664,0,7.452075695423664,0,,,,,,,37.90799993590565,0,37.90799993590565,0,37.90799993590565,0,37.90799993590565,0,0.7911478988255268,1.6802980837022055,0.9176501848847232,2.893331721245357,133.1,,,,,,,,,,,,,,,,1958.0,2.0,101.4,,boiler,standard,standard,gas,gas,,,,,Type_7,99.93656838866812,,2,HALF_OPEN,45-70,2_0,12
61,Type_7,Type7,Type,7.0,,3000.0,Tabula,Belgium,1960.0,semi_detached_building,2.0,188.73075977301386,577.466998738966,,99.96486759142496,99.96486759142496,71.87529844472465,35.937649222362325,0,156.10875472887767,7.70234670554855,0,7.70234670554855,0,7.70234670554855,0,7.70234670554855,0,,,,,,,39.02718868221942,0,39.02718868221942,0,39.02718868221942,0,39.02718868221942,0,2.0109307669576353,2.07185986367562,1.0559697511768718,3.58054278428049,133.1,,,,,,,,,,,,,,,,1958.0,2.0,101.4,,boiler,standard,standard,gas,gas,,,,,Type_7,99.96486759142496,,2,HALF_OPEN,45-70,2_1,12
62,Type_7,Type7,Type,7.0,,3000.0,Tabula,Belgium,1960.0,semi_detached_building,2.0,188.73917946093485,578.0896844080519,,99.62221937905151,99.62221937905151,71.86296030933697,35.931480154668485,0,155.81380757420675,8.08762282497441,0,8.08762282497441,0,8.08762282497441,0,8.08762282497441,0,,,,,,,38.95345189355169,0,38.95345189355169,0,38.95345189355169,0,38.95345189355169,0,3.2936220270526566,2.2682458329020827,1.193360220739141,4.0232307913413745,133.1,,,,,,,,,,,,,,,,1958.0,2.0,101.4,,boiler,standard,standard,gas,gas,,,,,Type_7,99.62221937905151,,2,HALF_OPEN,45-70,2_2,12
63,Type_12,Type12,Type,12.0,,3000.0,Tabula,Belgium,1980.0,semi_detached_building,2.0,102.47708348523516,294.4053518045935,,75.92846882974845,75.92846882974845,54.23740673228824,27.118703366144118,0,89.37094786729858,4.539061246810062,0,4.539061246810062,0,4.539061246810062,0,4.539061246810062,0,,,,,,,22.342736966824646,0,22.342736966824646,0,22.342736966824646,0,22.342736966824646,0,0.5595838201294436,1.003361054314435,0.6900536388581058,2.856409481725155,122.9,,,,,,,,,,,,,,,,1980.0,2.0,108.5,,boiler,standard,standard,oil,oil,,,,,Type_12,75.92846882974845,,2,HALF_OPEN,71-90,0_0,12
64,Type_12,Type12,Type,12.0,,3000.0,Tabula,Belgium,1980.0,semi_detached_building,2.0,107.5380028030834,307.25482831114226,,72.0177119831815,72.0177119831815,49.697850969399674,24.848925484699834,0,96.43337070777856,5.221692361597757,0,5.221692361597757,0,5.221692361597757,0,5.221692361597757,0,,,,,,,24.10834267694464,0,24.10834267694464,0,24.10834267694464,0,24.10834267694464,0,0.8466235492681019,1.5378160432277093,0.7993349107975721,3.1272993724423164,122.9,,,,,,,,,,,,,,,,1980.0,2.0,108.5,,boiler,standard,standard,oil,oil,,,,,Type_12,72.0177119831815,,2,HALF_OPEN,71-90,0_1,12
65,Type_12,Type12,Type,12.0,,3000.0,Tabula,Belgium,1980.0,semi_detached_building,2.0,112.32085166561912,317.90813953488373,,68.39950659962288,68.39950659962288,47.06081709616593,23.53040854808296,0,102.2565179132621,5.672350722815839,0,5.672350722815839,0,5.672350722815839,0,5.672350722815839,0,,,,,,,25.564129478315525,0,25.564129478315525,0,25.564129478315525,0,25.564129478315525,0,1.8597635365884055,1.7696777608459593,0.9858464227112024,3.709012411052291,122.9,,,,,,,,,,,,,,,,1980.0,2.0,108.5,,boiler,standard,standard,oil,oil,,,,,Type_12,68.39950659962288,,2,HALF_OPEN,71-90,0_2,12
66,Type_12,Type12,Type,12.0,,3000.0,Tabula,Belgium,1980.0,semi_detached_building,2.0,152.03267824159587,445.6806797192464,,92.24605097894347,92.24605097894347,67.05179411402537,33.52589705701268,0,119.55699298115996,6.3348217584041375,0,6.3348217584041375,0,6.3348217584041375,0,6.3348217584041375,0,,,,,,,29.88924824528999,0,29.88924824528999,0,29.88924824528999,0,29.88924824528999,0,0.5699692463626398,0.9176520638035962,0.7110455293188215,2.8748027719055305,122.9,,,,,,,,,,,,,,,,1980.0,2.0,108.5,,boiler,standard,standard,oil,oil,,,,,Type_12,92.24605097894347,,2,HALF_OPEN,71-90,1_0,12
67,Type_12,Type12,Type,12.0,,3000.0,Tabula,Belgium,1980.0,semi_detached_building,2.0,152.08980273623925,445.14492523067133,,89.42658924594338,89.42658924594338,63.625909428359314,31.81295471417965,0,120.88735921094495,7.014309576837416,0,7.014309576837416,0,7.014309576837416,0,7.014309576837416,0,,,,,,,30.221839802736238,0,30.221839802736238,0,30.221839802736238,0,30.221839802736238,0,0.8185065509663716,1.5111746377703887,0.8085440870131457,3.1160777948197516,122.9,,,,,,,,,,,,,,,,1980.0,2.0,108.5,,boiler,standard,standard,oil,oil,,,,,Type_12,89.42658924594338,,2,HALF_OPEN,71-90,1_1,12
68,Type_12,Type12,Type,12.0,,3000.0,Tabula,Belgium,1980.0,semi_detached_building,2.0,153.41534190715183,442.8533218318695,,84.22005959849434,84.22005959849434,58.483358427436215,29.241679213718104,0,123.15059912170639,7.5817612923462985,0,7.5817612923462985,0,7.5817612923462985,0,7.5817612923462985,0,,,,,,,30.787649780426598,0,30.787649780426598,0,30.787649780426598,0,30.787649780426598,0,1.7953830475848525,1.718140375353312,1.0073709513095044,3.7702374337898936,122.9,,,,,,,,,,,,,,,,1980.0,2.0,108.5,,boiler,standard,standard,oil,oil,,,,,Type_12,84.22005959849434,,2,HALF_OPEN,71-90,1_2,12
69,Type_12,Type12,Type,12.0,,3000.0,Tabula,Belgium,1980.0,semi_detached_building,2.0,195.8286276276276,598.4763303303303,,110.06831831831832,110.06831831831832,82.92647247247247,41.46323623623623,0,142.01445945945946,7.67028003003003,0,7.67028003003003,0,7.67028003003003,0,7.67028003003003,0,,,,,,,35.503614864864865,0,35.503614864864865,0,35.503614864864865,0,35.503614864864865,0,0.5631306286966522,0.8874501655048302,0.7278804568175589,2.893592870811144,122.9,,,,,,,,,,,,,,,,1980.0,2.0,108.5,,boiler,standard,standard,oil,oil,,,,,Type_12,110.06831831831832,,2,HALF_OPEN,71-90,2_0,12
70,Type_12,Type12,Type,12.0,,3000.0,Tabula,Belgium,1980.0,semi_detached_building,2.0,194.26804461942257,593.0508005249344,,104.21704068241469,104.21704068241469,76.52925196850394,38.264625984251964,0,147.0492158792651,8.257107119422571,0,8.257107119422571,0,8.257107119422571,0,8.257107119422571,0,,,,,,,36.76230396981627,0,36.76230396981627,0,36.76230396981627,0,36.76230396981627,0,0.8164873554150466,1.4202366359708165,0.8893045589117562,3.1614578493469554,122.9,,,,,,,,,,,,,,,,1980.0,2.0,108.5,,boiler,standard,standard,oil,oil,,,,,Type_12,104.21704068241469,,2,HALF_OPEN,71-90,2_1,12
71,Type_12,Type12,Type,12.0,,3000.0,Tabula,Belgium,1980.0,semi_detached_building,2.0,194.5463817427386,585.828908713693,,99.5185601659751,99.5185601659751,71.14001383125864,35.570006915629314,0,149.03839004149378,8.91323132780083,0,8.91323132780083,0,8.91323132780083,0,8.91323132780083,0,,,,,,,37.259597510373446,0,37.259597510373446,0,37.259597510373446,0,37.259597510373446,0,1.6161585237362777,1.7342574390564904,1.0646210567700107,3.6639726364151497,122.9,,,,,,,,,,,,,,,,1980.0,2.0,108.5,,boiler,standard,standard,oil,oil,,,,,Type_12,99.5185601659751,,2,HALF_OPEN,71-90,2_2,12
72,Type_17,Type17,Type,17.0,,3000.0,Tabula,Belgium,2000.0,semi_detached_building,2.0,117.00083652269,336.35019136139965,,73.2337178786222,73.2337178786222,55.55714233643157,27.778571168215777,0,94.9732422088573,4.525207763805358,0,4.525207763805358,0,4.525207763805358,0,4.525207763805358,0,,,,,,,23.743310552214325,0,23.743310552214325,0,23.743310552214325,0,23.743310552214325,0,0.3920628658825746,0.6056322363706621,0.5130477017346621,2.4290074539038162,121.4,,,,,,,,,,,,,,,,1998.0,2.0,125.2,,boiler,standard,standard,gas,gas,,,,,Type_17,73.2337178786222,,2,HALF_OPEN,91-05,0_0,12
73,Type_17,Type17,Type,17.0,,3000.0,Tabula,Belgium,2000.0,semi_detached_building,2.0,122.39627741553052,348.7942323651452,,73.17698873740368,73.17698873740368,54.96818810511756,27.484094052558778,0,96.29775340841731,5.158756668642561,0,5.158756668642561,0,5.158756668642561,0,5.158756668642561,0,,,,,,,24.074438352104327,0,24.074438352104327,0,24.074438352104327,0,24.074438352104327,0,0.47495586930934797,0.7148877830697581,0.6373095799675637,2.724082858906331,121.4,,,,,,,,,,,,,,,,1998.0,2.0,125.2,,boiler,standard,standard,gas,gas,,,,,Type_17,73.17698873740368,,2,HALF_OPEN,91-05,0_1,12
74,Type_17,Type17,Type,17.0,,3000.0,Tabula,Belgium,2000.0,semi_detached_building,2.0,121.51831990080595,342.70638561686303,,72.35364538127712,72.35364538127712,52.43263070882414,26.216315354412068,0,99.3213019218847,5.524034407935524,0,5.524034407935524,0,5.524034407935524,0,5.524034407935524,0,,,,,,,24.830325480471174,0,24.830325480471174,0,24.830325480471174,0,24.830325480471174,0,0.7711860165131619,0.9371003817852268,0.8965711041700558,2.9210129096515436,121.4,,,,,,,,,,,,,,,,1998.0,2.0,125.2,,boiler,standard,standard,gas,gas,,,,,Type_17,72.35364538127712,,2,HALF_OPEN,91-05,0_2,12
75,Type_17,Type17,Type,17.0,,3000.0,Tabula,Belgium,2000.0,semi_detached_building,2.0,160.14727272727274,473.0673190503764,,86.67700057903879,86.67700057903879,67.52640416907933,33.76320208453966,0,117.7680775911986,5.900144759698899,0,5.900144759698899,0,5.900144759698899,0,5.900144759698899,0,,,,,,,29.44201939779965,0,29.44201939779965,0,29.44201939779965,0,29.44201939779965,0,0.38108111842277187,0.6053851339254197,0.5205229756445524,2.3591751121141287,121.4,,,,,,,,,,,,,,,,1998.0,2.0,125.2,,boiler,standard,standard,gas,gas,,,,,Type_17,86.67700057903879,,2,HALF_OPEN,91-05,1_0,12
76,Type_17,Type17,Type,17.0,,3000.0,Tabula,Belgium,2000.0,semi_detached_building,2.0,160.22046145778708,473.1642212899843,,86.58368117461981,86.58368117461981,66.47539940569831,33.23769970284915,0,117.57030414263241,6.590764289459885,0,6.590764289459885,0,6.590764289459885,0,6.590764289459885,0,,,,,,,29.392576035658102,0,29.392576035658102,0,29.392576035658102,0,29.392576035658102,0,0.46040318982593603,0.6995529740523472,0.6501136755799753,2.702775924832229,121.4,,,,,,,,,,,,,,,,1998.0,2.0,125.2,,boiler,standard,standard,gas,gas,,,,,Type_17,86.58368117461981,,2,HALF_OPEN,91-05,1_1,12
77,Type_17,Type17,Type,17.0,,3000.0,Tabula,Belgium,2000.0,semi_detached_building,2.0,162.47233736327001,475.3513816925734,,86.80295912492804,86.80295912492804,63.77224333141431,31.88612166570715,0,122.01862982153136,6.952479850316638,0,6.952479850316638,0,6.952479850316638,0,6.952479850316638,0,,,,,,,30.50465745538284,0,30.50465745538284,0,30.50465745538284,0,30.50465745538284,0,0.8178437524706459,0.9081327838006592,0.8909391716422389,2.9025506458446,121.4,,,,,,,,,,,,,,,,1998.0,2.0,125.2,,boiler,standard,standard,gas,gas,,,,,Type_17,86.80295912492804,,2,HALF_OPEN,91-05,1_2,12
78,Type_17,Type17,Type,17.0,,3000.0,Tabula,Belgium,2000.0,semi_detached_building,2.0,203.24998778252902,632.3929993891264,,103.02993280390959,103.02993280390959,82.07483200977398,41.037416004886985,0,146.25484422724494,7.228321624923641,0,7.228321624923641,0,7.228321624923641,0,7.228321624923641,0,,,,,,,36.563711056811236,0,36.563711056811236,0,36.563711056811236,0,36.563711056811236,0,0.38124089278356993,0.5870572449248748,0.5191686794769987,2.3611683379482833,121.4,,,,,,,,,,,,,,,,1998.0,2.0,125.2,,boiler,standard,standard,gas,gas,,,,,Type_17,103.02993280390959,,2,HALF_OPEN,91-05,2_0,12
79,Type_17,Type17,Type,17.0,,3000.0,Tabula,Belgium,2000.0,semi_detached_building,2.0,205.03929425156517,631.7685714285714,,101.84063175867956,101.84063175867956,79.67529880478088,39.83764940239043,0,149.35885031303357,7.958621229368242,0,7.958621229368242,0,7.958621229368242,0,7.958621229368242,0,,,,,,,37.33971257825839,0,37.33971257825839,0,37.33971257825839,0,37.33971257825839,0,0.4593986025212567,0.68804380847586,0.6727090252447916,2.670375853087934,121.4,,,,,,,,,,,,,,,,1998.0,2.0,125.2,,boiler,standard,standard,gas,gas,,,,,Type_17,101.84063175867956,,2,HALF_OPEN,91-05,2_1,12
80,Type_17,Type17,Type,17.0,,3000.0,Tabula,Belgium,2000.0,semi_detached_building,2.0,206.67234400434074,630.8121106890939,,104.03754747693978,104.03754747693978,78.24803038524146,39.124015192620725,0,150.73014650027127,8.549624253933803,0,8.549624253933803,0,8.549624253933803,0,8.549624253933803,0,,,,,,,37.68253662506782,0,37.68253662506782,0,37.68253662506782,0,37.68253662506782,0,0.7237862950498035,0.8684689068109284,0.9288973613775534,2.8965465363732608,121.4,,,,,,,,,,,,,,,,1998.0,2.0,125.2,,boiler,standard,standard,gas,gas,,,,,Type_17,104.03754747693978,,2,HALF_OPEN,91-05,2_2,12
81,Type_27,Type27,Type,27.0,,3000.0,Tabula,Belgium,2015.0,semi_detached_building,2.0,122.09598337950139,353.0282548476454,,72.0580055401662,72.0580055401662,56.17222530009233,28.086112650046164,0,97.73387811634349,4.712382271468144,0,4.712382271468144,0,4.712382271468144,0,4.712382271468144,0,,,,,,,24.433469529085873,0,24.433469529085873,0,24.433469529085873,0,24.433469529085873,0,0.3021216647246981,0.48108388910600275,0.37392324389637394,2.0013056223229033,118.0,,,,,,,,,,,,,,,,2012.0,2.0,124.0,,boiler,condensing,condensing,gas,gas,,,,,Type_27,72.0580055401662,,2,HALF_OPEN,06-12,0_0,12
82,Type_27,Type27,Type,27.0,,3000.0,Tabula,Belgium,2015.0,semi_detached_building,2.0,128.79702349869453,363.4572584856397,,71.87616187989556,71.87616187989556,54.42543080939948,27.21271540469974,0,104.29566579634464,5.239882506527415,0,5.239882506527415,0,5.239882506527415,0,5.239882506527415,0,,,,,,,26.07391644908616,0,26.07391644908616,0,26.07391644908616,0,26.07391644908616,0,0.36160589643993996,0.5864604405267728,0.4682903063673473,2.164151027230496,118.0,,,,,,,,,,,,,,,,2012.0,2.0,124.0,,boiler,condensing,condensing,gas,gas,,,,,Type_27,71.87616187989556,,2,HALF_OPEN,06-12,0_1,12
83,Type_27,Type27,Type,27.0,,3000.0,Tabula,Belgium,2015.0,semi_detached_building,2.0,126.30730555555554,366.27352777777776,,69.1541388888889,69.1541388888889,49.35964814814814,24.67982407407407,0,103.3133611111111,6.202930555555555,0,6.202930555555555,0,6.202930555555555,0,6.202930555555555,0,,,,,,,25.828340277777777,0,25.828340277777777,0,25.828340277777777,0,25.828340277777777,0,0.47551274686334444,0.6858985449059473,0.6307268425157639,2.390525207276389,118.0,,,,,,,,,,,,,,,,2012.0,2.0,124.0,,boiler,condensing,condensing,gas,gas,,,,,Type_27,69.1541388888889,,2,HALF_OPEN,06-12,0_2,12
84,Type_27,Type27,Type,27.0,,3000.0,Tabula,Belgium,2015.0,semi_detached_building,2.0,159.72415233415234,480.9562899262899,,82.32402948402948,82.32402948402948,63.65022113022112,31.82511056511056,0,125.2809828009828,5.794840294840295,0,5.794840294840295,0,5.794840294840295,0,5.794840294840295,0,,,,,,,31.3202457002457,0,31.3202457002457,0,31.3202457002457,0,31.3202457002457,0,0.3056514731385479,0.4745508205675283,0.3800363479391941,2.0116907171484644,118.0,,,,,,,,,,,,,,,,2012.0,2.0,124.0,,boiler,condensing,condensing,gas,gas,,,,,Type_27,82.32402948402948,,2,HALF_OPEN,06-12,1_0,12
85,Type_27,Type27,Type,27.0,,3000.0,Tabula,Belgium,2015.0,semi_detached_building,2.0,158.52403225806452,478.55309139784947,,81.67677419354838,81.67677419354838,62.475017921146936,31.237508960573468,0,127.75494623655914,6.2521774193548385,0,6.2521774193548385,0,6.2521774193548385,0,6.2521774193548385,0,,,,,,,31.938736559139784,0,31.938736559139784,0,31.938736559139784,0,31.938736559139784,0,0.3449987092289248,0.5746950818604704,0.48666821635097585,2.1641442291329303,118.0,,,,,,,,,,,,,,,,2012.0,2.0,124.0,,boiler,condensing,condensing,gas,gas,,,,,Type_27,81.67677419354838,,2,HALF_OPEN,06-12,1_1,12
86,Type_27,Type27,Type,27.0,,3000.0,Tabula,Belgium,2015.0,semi_detached_building,2.0,163.02798955613576,476.9704699738903,,84.30443864229764,84.30443864229764,60.54332463011313,30.271662315056567,0,123.04650130548302,7.555006527415144,0,7.555006527415144,0,7.555006527415144,0,7.555006527415144,0,,,,,,,30.761625326370755,0,30.761625326370755,0,30.761625326370755,0,30.761625326370755,0,0.48918916460758743,0.6836975749421331,0.6072000172998251,2.3139499010434204,118.0,,,,,,,,,,,,,,,,2012.0,2.0,124.0,,boiler,condensing,condensing,gas,gas,,,,,Type_27,84.30443864229764,,2,HALF_OPEN,06-12,1_2,12
87,Type_27,Type27,Type,27.0,,3000.0,Tabula,Belgium,2015.0,semi_detached_building,2.0,201.27749999999997,633.9113920454546,,102.35184659090909,102.35184659090909,80.71714015151515,40.35857007575758,0,148.468125,6.820390625000001,0,6.820390625000001,0,6.820390625000001,0,6.820390625000001,0,,,,,,,37.11703125,0,37.11703125,0,37.11703125,0,37.11703125,0,0.2887801163993608,0.4524068774726619,0.36047644651318184,2.021758545804713,118.0,,,,,,,,,,,,,,,,2012.0,2.0,124.0,,boiler,condensing,condensing,gas,gas,,,,,Type_27,102.35184659090909,,2,HALF_OPEN,06-12,2_0,12
88,Type_27,Type27,Type,27.0,,3000.0,Tabula,Belgium,2015.0,semi_detached_building,2.0,201.88251889168765,633.7547355163728,,96.53209068010075,96.53209068010075,78.08114189756506,39.04057094878253,0,156.24735516372795,7.398098236775819,0,7.398098236775819,0,7.398098236775819,0,7.398098236775819,0,,,,,,,39.061838790931986,0,39.061838790931986,0,39.061838790931986,0,39.061838790931986,0,0.352469727749131,0.5799484796553829,0.48173241919729476,2.1752494856360456,118.0,,,,,,,,,,,,,,,,2012.0,2.0,124.0,,boiler,condensing,condensing,gas,gas,,,,,Type_27,96.53209068010075,,2,HALF_OPEN,06-12,2_1,12
89,Type_27,Type27,Type,27.0,,3000.0,Tabula,Belgium,2015.0,semi_detached_building,2.0,202.97684350132627,625.5703183023872,,97.86822281167109,97.86822281167109,75.19598585322723,37.597992926613614,0,151.19233421750664,8.783229442970823,0,8.783229442970823,0,8.783229442970823,0,8.783229442970823,0,,,,,,,37.79808355437666,0,37.79808355437666,0,37.79808355437666,0,37.79808355437666,0,0.5813102042106101,0.6784560775643476,0.6096253531015863,2.365713016808939,118.0,,,,,,,,,,,,,,,,2012.0,2.0,124.0,,boiler,condensing,condensing,gas,gas,,,,,Type_27,97.86822281167109,,2,HALF_OPEN,06-12,2_2,12
90,Type_1,Type1,Type,1.0,,3000.0,Tabula,Belgium,1940.0,detached_building,2.0,110.74242236024844,314.03492236024846,,79.83160714285714,79.83160714285714,58.25310041407867,29.126550207039337,0,134.6473602484472,3.635980201863354,0,3.635980201863354,0,3.635980201863354,0,3.635980201863354,0,,,,,,,33.6618400621118,0,33.6618400621118,0,33.6618400621118,0,33.6618400621118,0,0.8383917826276499,1.6246685673107126,0.848454390244917,3.1579293658871044,228.9,,,,,,,,,,,,,,,,1945.0,2.0,158.4,,boiler,standard,standard,oil,oil,,,,,Type_1,79.83160714285714,,2,OPEN,pre 45,0_0,12
91,Type_1,Type1,Type,1.0,,3000.0,Tabula,Belgium,1940.0,detached_building,2.0,105.19092987804878,303.31261178861786,,81.21584349593496,81.21584349593496,55.506663279132795,27.753331639566397,0,136.83282520325204,3.6897065548780485,0,3.6897065548780485,0,3.6897065548780485,0,3.6897065548780485,0,,,,,,,34.20820630081301,0,34.20820630081301,0,34.20820630081301,0,34.20820630081301,0,2.1477180621002323,2.2275738871779724,0.916565084383529,3.875148788372002,228.9,,,,,,,,,,,,,,,,1945.0,2.0,158.4,,boiler,standard,standard,oil,oil,,,,,Type_1,81.21584349593496,,2,OPEN,pre 45,0_1,12
92,Type_1,Type1,Type,1.0,,3000.0,Tabula,Belgium,1940.0,detached_building,2.0,105.38578616352201,301.75819061441706,,75.20690856313497,75.20690856313497,53.52388324463796,26.76194162231898,0,141.74400580551523,3.7723040638606675,0,3.7723040638606675,0,3.7723040638606675,0,3.7723040638606675,0,,,,,,,35.43600145137881,0,35.43600145137881,0,35.43600145137881,0,35.43600145137881,0,3.14128171031416,2.541948904253793,1.0657519411921026,4.199515463460591,228.9,,,,,,,,,,,,,,,,1945.0,2.0,158.4,,boiler,standard,standard,oil,oil,,,,,Type_1,75.20690856313497,,2,OPEN,pre 45,0_2,12
93,Type_1,Type1,Type,1.0,,3000.0,Tabula,Belgium,1940.0,detached_building,2.0,156.25910092807425,462.3683178654292,,101.30609048723899,101.30609048723899,76.07268368136117,38.036341840680585,0,175.66535962877032,5.104380800464037,0,5.104380800464037,0,5.104380800464037,0,5.104380800464037,0,,,,,,,43.91633990719258,0,43.91633990719258,0,43.91633990719258,0,43.91633990719258,0,0.7989894306929327,1.6210261219765922,0.8607082840776977,3.017161632954275,228.9,,,,,,,,,,,,,,,,1945.0,2.0,158.4,,boiler,standard,standard,oil,oil,,,,,Type_1,101.30609048723899,,2,OPEN,pre 45,1_0,12
94,Type_1,Type1,Type,1.0,,3000.0,Tabula,Belgium,1940.0,detached_building,2.0,153.75482365145228,457.92475103734444,,100.05292012448133,100.05292012448133,70.1990663900415,35.09953319502075,0,185.65340248962656,5.22341934647303,0,5.22341934647303,0,5.22341934647303,0,5.22341934647303,0,,,,,,,46.41335062240664,0,46.41335062240664,0,46.41335062240664,0,46.41335062240664,0,2.0836802354667143,2.1724962009458455,0.9621860744195063,3.6687616006493826,228.9,,,,,,,,,,,,,,,,1945.0,2.0,158.4,,boiler,standard,standard,oil,oil,,,,,Type_1,100.05292012448133,,2,OPEN,pre 45,1_1,12
95,Type_1,Type1,Type,1.0,,3000.0,Tabula,Belgium,1940.0,detached_building,2.0,152.47207792207794,455.84347943722946,,95.24875,95.24875,68.14849567099567,34.074247835497836,0,188.16698051948052,5.444104437229437,0,5.444104437229437,0,5.444104437229437,0,5.444104437229437,0,,,,,,,47.04174512987013,0,47.04174512987013,0,47.04174512987013,0,47.04174512987013,0,3.143715696853821,2.5078502320328573,1.0937731471413323,4.109142989832755,228.9,,,,,,,,,,,,,,,,1945.0,2.0,158.4,,boiler,standard,standard,oil,oil,,,,,Type_1,95.24875,,2,OPEN,pre 45,1_2,12
96,Type_1,Type1,Type,1.0,,3000.0,Tabula,Belgium,1940.0,detached_building,2.0,204.88115120274915,647.1175987972508,,122.59320876288659,122.59320876288659,95.59810423825887,47.799052119129435,0,212.8294029209622,6.843222723367697,0,6.843222723367697,0,6.843222723367697,0,6.843222723367697,0,,,,,,,53.20735073024055,0,53.20735073024055,0,53.20735073024055,0,53.20735073024055,0,0.7232296966905206,1.5642444586465318,0.8478482882457615,2.913784006871731,228.9,,,,,,,,,,,,,,,,1945.0,2.0,158.4,,boiler,standard,standard,oil,oil,,,,,Type_1,122.59320876288659,,2,OPEN,pre 45,2_0,12
97,Type_1,Type1,Type,1.0,,3000.0,Tabula,Belgium,1940.0,detached_building,2.0,201.9198442367601,632.8854267912773,,117.22431775700935,117.22431775700935,85.83515680166148,42.91757840083074,0,227.84610591900312,7.13288785046729,0,7.13288785046729,0,7.13288785046729,0,7.13288785046729,0,,,,,,,56.96152647975078,0,56.96152647975078,0,56.96152647975078,0,56.96152647975078,0,1.8919230238372617,2.1866471534314473,1.0460669608703173,3.603222488127925,228.9,,,,,,,,,,,,,,,,1945.0,2.0,158.4,,boiler,standard,standard,oil,oil,,,,,Type_1,117.22431775700935,,2,OPEN,pre 45,2_1,12
98,Type_1,Type1,Type,1.0,,3000.0,Tabula,Belgium,1940.0,detached_building,2.0,201.4406105263158,642.1054175438596,,117.13644210526316,117.13644210526316,86.05637894736842,43.02818947368421,0,229.63335438596494,7.497498245614035,0,7.497498245614035,0,7.497498245614035,0,7.497498245614035,0,,,,,,,57.408338596491234,0,57.408338596491234,0,57.408338596491234,0,57.408338596491234,0,3.208559064118063,2.469072530189516,1.2113276191638709,4.019725050252252,228.9,,,,,,,,,,,,,,,,1945.0,2.0,158.4,,boiler,standard,standard,oil,oil,,,,,Type_1,117.13644210526316,,2,OPEN,pre 45,2_2,12
99,Type_6,Type6,Type,6.0,,3000.0,Tabula,Belgium,1960.0,detached_building,2.0,120.80574576271187,345.9215065913371,,95.65732580037665,95.65732580037665,67.59086126804769,33.79543063402385,0,131.31706967984934,5.694812146892655,0,5.694812146892655,0,5.694812146892655,0,5.694812146892655,0,,,,,,,32.829267419962335,0,32.829267419962335,0,32.829267419962335,0,32.829267419962335,0,0.7801753770106458,1.5855977615447947,0.9376596664363733,3.076347445336318,183.0,,,,,,,,,,,,,,,,1958.0,2.0,158.2,,boiler,standard,standard,oil,oil,,,,,Type_6,95.65732580037665,,2,OPEN,45-70,0_0,12
100,Type_6,Type6,Type,6.0,,3000.0,Tabula,Belgium,1960.0,detached_building,2.0,123.48010354804325,353.53213796253993,,88.34482107507232,88.34482107507232,61.1922704431247,30.596135221562353,0,144.31726206791532,5.703593345515456,0,5.703593345515456,0,5.703593345515456,0,5.703593345515456,0,,,,,,,36.07931551697883,0,36.07931551697883,0,36.07931551697883,0,36.07931551697883,0,2.22001555265895,1.9814163520801948,1.0196869431839053,3.6874476074257987,183.0,,,,,,,,,,,,,,,,1958.0,2.0,158.2,,boiler,standard,standard,oil,oil,,,,,Type_6,88.34482107507232,,2,OPEN,45-70,0_1,12
101,Type_6,Type6,Type,6.0,,3000.0,Tabula,Belgium,1960.0,detached_building,2.0,122.79156100391701,349.99622660670246,,83.40116059770781,83.40116059770781,59.482262198365476,29.741131099182738,0,145.6190323516611,5.712253372987088,0,5.712253372987088,0,5.712253372987088,0,5.712253372987088,0,,,,,,,36.404758087915276,0,36.404758087915276,0,36.404758087915276,0,36.404758087915276,0,3.2247362429201427,2.277880655982039,1.1711668040460854,4.14041407763189,183.0,,,,,,,,,,,,,,,,1958.0,2.0,158.2,,boiler,standard,standard,oil,oil,,,,,Type_6,83.40116059770781,,2,OPEN,45-70,0_2,12
102,Type_6,Type6,Type,6.0,,3000.0,Tabula,Belgium,1960.0,detached_building,2.0,161.94428235294117,482.6610369747899,,114.85464201680672,114.85464201680672,83.54359775910362,41.77179887955182,0,163.04743865546217,7.352518487394958,0,7.352518487394958,0,7.352518487394958,0,7.352518487394958,0,,,,,,,40.76185966386554,0,40.76185966386554,0,40.76185966386554,0,40.76185966386554,0,0.7928101393036115,1.6015660341462992,0.9449847482607602,2.999641236977753,183.0,,,,,,,,,,,,,,,,1958.0,2.0,158.2,,boiler,standard,standard,oil,oil,,,,,Type_6,114.85464201680672,,2,OPEN,45-70,1_0,12
103,Type_6,Type6,Type,6.0,,3000.0,Tabula,Belgium,1960.0,detached_building,2.0,163.41129339387723,480.28795371319757,,107.47544895268786,107.47544895268786,75.67913871392997,37.839569356964994,0,175.417879009814,7.432655998242273,0,7.432655998242273,0,7.432655998242273,0,7.432655998242273,0,,,,,,,43.8544697524535,0,43.8544697524535,0,43.8544697524535,0,43.8544697524535,0,2.1620540415392724,1.972925499937311,1.0433500224757228,3.5983668827888287,183.0,,,,,,,,,,,,,,,,1958.0,2.0,158.2,,boiler,standard,standard,oil,oil,,,,,Type_6,107.47544895268786,,2,OPEN,45-70,1_1,12
104,Type_6,Type6,Type,6.0,,3000.0,Tabula,Belgium,1960.0,detached_building,2.0,163.04126212121213,478.4388015151515,,104.26567272727272,104.26567272727272,74.63258888888886,37.31629444444444,0,174.70761666666667,7.549128030303031,0,7.549128030303031,0,7.549128030303031,0,7.549128030303031,0,,,,,,,43.67690416666667,0,43.67690416666667,0,43.67690416666667,0,43.67690416666667,0,3.2461806208017308,2.2168437100092437,1.1665056238861942,4.090193541179572,183.0,,,,,,,,,,,,,,,,1958.0,2.0,158.2,,boiler,standard,standard,oil,oil,,,,,Type_6,104.26567272727272,,2,OPEN,45-70,1_2,12
105,Type_6,Type6,Type,6.0,,3000.0,Tabula,Belgium,1960.0,detached_building,2.0,204.46901350635594,641.0837129237289,,133.82611493644066,133.82611493644066,102.76999293785309,51.38499646892655,0,189.80347590042373,9.069799059851695,0,9.069799059851695,0,9.069799059851695,0,9.069799059851695,0,,,,,,,47.450868975105934,0,47.450868975105934,0,47.450868975105934,0,47.450868975105934,0,0.7511221547227164,1.5941420558775312,0.9624466862736613,2.997019397193092,183.0,,,,,,,,,,,,,,,,1958.0,2.0,158.2,,boiler,standard,standard,oil,oil,,,,,Type_6,133.82611493644066,,2,OPEN,45-70,2_0,12
106,Type_6,Type6,Type,6.0,,3000.0,Tabula,Belgium,1960.0,detached_building,2.0,204.84169868047437,627.1699315182896,,127.88688658760648,127.88688658760648,92.70362674684037,46.35181337342019,0,200.220337397695,9.1891489894772,0,9.1891489894772,0,9.1891489894772,0,9.1891489894772,0,,,,,,,50.05508434942375,0,50.05508434942375,0,50.05508434942375,0,50.05508434942375,0,1.9897165532187036,1.9910047923189298,1.0973182187557893,3.593971854910416,183.0,,,,,,,,,,,,,,,,1958.0,2.0,158.2,,boiler,standard,standard,oil,oil,,,,,Type_6,127.88688658760648,,2,OPEN,45-70,2_1,12
107,Type_6,Type6,Type,6.0,,3000.0,Tabula,Belgium,1960.0,detached_building,2.0,205.41372814438807,626.8907012596353,,125.62166948674563,125.62166948674563,91.73168640721939,45.8658432036097,0,198.58444068433914,9.49394012032337,0,9.49394012032337,0,9.49394012032337,0,9.49394012032337,0,,,,,,,49.646110171084786,0,49.646110171084786,0,49.646110171084786,0,49.646110171084786,0,3.2790023966512183,2.193876448324896,1.2118996981610215,4.043535508472095,183.0,,,,,,,,,,,,,,,,1958.0,2.0,158.2,,boiler,standard,standard,oil,oil,,,,,Type_6,125.62166948674563,,2,OPEN,45-70,2_2,12
108,Type_11,Type11,Type,11.0,,3000.0,Tabula,Belgium,1980.0,detached_building,2.0,125.87491988891263,362.0724289681692,,107.09182012390515,107.09182012390515,77.24125044506158,38.62062522253079,0,120.48552018799401,5.702106387524034,0,5.702106387524034,0,5.702106387524034,0,5.702106387524034,0,,,,,,,30.121380046998503,0,30.121380046998503,0,30.121380046998503,0,30.121380046998503,0,0.4982120993447485,0.7746522183840705,0.6856285369075982,2.8725466556479127,159.4,,,,,,,,,,,,,,,,1980.0,2.0,170.0,,boiler,standard,standard,oil,oil,,,,,Type_11,107.09182012390515,,2,OPEN,71-90,0_0,12
109,Type_11,Type11,Type,11.0,,3000.0,Tabula,Belgium,1980.0,detached_building,2.0,125.38904353035143,362.52796126198086,,110.25281549520766,110.25281549520766,77.20950878594248,38.60475439297124,0,120.83423722044728,6.162398662140575,0,6.162398662140575,0,6.162398662140575,0,6.162398662140575,0,,,,,,,30.20855930511182,0,30.20855930511182,0,30.20855930511182,0,30.20855930511182,0,0.7071095235357955,1.2996994284780186,0.8970957089516884,3.154788618701955,159.4,,,,,,,,,,,,,,,,1980.0,2.0,170.0,,boiler,standard,standard,oil,oil,,,,,Type_11,110.25281549520766,,2,OPEN,71-90,0_1,12
110,Type_11,Type11,Type,11.0,,3000.0,Tabula,Belgium,1980.0,detached_building,2.0,125.26491110304788,362.9462318577649,,110.75815674891146,110.75815674891146,76.67626874697628,38.33813437348814,0,123.1771480406386,6.392866473149493,0,6.392866473149493,0,6.392866473149493,0,6.392866473149493,0,,,,,,,30.79428701015965,0,30.79428701015965,0,30.79428701015965,0,30.79428701015965,0,1.6175587777213574,1.6656101593471488,1.127675041064964,3.6267363585852577,159.4,,,,,,,,,,,,,,,,1980.0,2.0,170.0,,boiler,standard,standard,oil,oil,,,,,Type_11,110.75815674891146,,2,OPEN,71-90,0_2,12
111,Type_11,Type11,Type,11.0,,3000.0,Tabula,Belgium,1980.0,detached_building,2.0,176.06333727111635,523.995514865131,,133.0961980704863,133.0961980704863,97.9469541248277,48.97347706241385,0,153.13418980114196,7.528774365032486,0,7.528774365032486,0,7.528774365032486,0,7.528774365032486,0,,,,,,,38.28354745028549,0,38.28354745028549,0,38.28354745028549,0,38.28354745028549,0,0.48826631900506356,0.7543665664731612,0.6891884591317027,2.869296044157127,159.4,,,,,,,,,,,,,,,,1980.0,2.0,170.0,,boiler,standard,standard,oil,oil,,,,,Type_11,133.0961980704863,,2,OPEN,71-90,1_0,12
112,Type_11,Type11,Type,11.0,,3000.0,Tabula,Belgium,1980.0,detached_building,2.0,175.76267573261828,524.1547921854051,,136.90904232905572,136.90904232905572,98.07525378280022,49.03762689140011,0,154.41822064738557,8.081237310859988,0,8.081237310859988,0,8.081237310859988,0,8.081237310859988,0,,,,,,,38.60455516184639,0,38.60455516184639,0,38.60455516184639,0,38.60455516184639,0,0.7284174759148531,1.2582683356822326,0.9128524063154677,3.120828814972295,159.4,,,,,,,,,,,,,,,,1980.0,2.0,170.0,,boiler,standard,standard,oil,oil,,,,,Type_11,136.90904232905572,,2,OPEN,71-90,1_1,12
113,Type_11,Type11,Type,11.0,,3000.0,Tabula,Belgium,1980.0,detached_building,2.0,176.23663017257374,522.7189961031731,,139.60336054926702,139.60336054926702,97.65560710088451,48.827803550442255,0,158.2178511783262,8.400902764891445,0,8.400902764891445,0,8.400902764891445,0,8.400902764891445,0,,,,,,,39.55446279458155,0,39.55446279458155,0,39.55446279458155,0,39.55446279458155,0,1.622310065398303,1.6208625904990184,1.146557819959639,3.5056669459678917,159.4,,,,,,,,,,,,,,,,1980.0,2.0,170.0,,boiler,standard,standard,oil,oil,,,,,Type_11,139.60336054926702,,2,OPEN,71-90,1_2,12
114,Type_11,Type11,Type,11.0,,3000.0,Tabula,Belgium,1980.0,detached_building,2.0,215.8134259597806,685.9301773308957,,148.5130585009141,148.5130585009141,115.6786849482023,57.83934247410115,0,179.36085191956124,8.781702010968923,0,8.781702010968923,0,8.781702010968923,0,8.781702010968923,0,,,,,,,44.84021297989031,0,44.84021297989031,0,44.84021297989031,0,44.84021297989031,0,0.49146351467779475,0.754762016531746,0.7009435405780895,2.8590726607819863,159.4,,,,,,,,,,,,,,,,1980.0,2.0,170.0,,boiler,standard,standard,oil,oil,,,,,Type_11,148.5130585009141,,2,OPEN,71-90,2_0,12
115,Type_11,Type11,Type,11.0,,3000.0,Tabula,Belgium,1980.0,detached_building,2.0,215.57055667460173,682.5238417872185,,150.66237319172313,150.66237319172313,115.18087651834216,57.59043825917108,0,180.20245742537998,9.232038546053836,0,9.232038546053836,0,9.232038546053836,0,9.232038546053836,0,,,,,,,45.050614356344994,0,45.050614356344994,0,45.050614356344994,0,45.050614356344994,0,0.7225684700173023,1.254926360198054,0.9246949559812478,3.0757572926829484,159.4,,,,,,,,,,,,,,,,1980.0,2.0,170.0,,boiler,standard,standard,oil,oil,,,,,Type_11,150.66237319172313,,2,OPEN,71-90,2_1,12
116,Type_11,Type11,Type,11.0,,3000.0,Tabula,Belgium,1980.0,detached_building,2.0,216.07787479787478,673.757683067683,,151.70003003003004,151.70003003003004,111.0900762300762,55.5450381150381,0,186.29989835989835,9.664415569415569,0,9.664415569415569,0,9.664415569415569,0,9.664415569415569,0,,,,,,,46.57497458997459,0,46.57497458997459,0,46.57497458997459,0,46.57497458997459,0,1.4689324059914557,1.6322130644542614,1.131556244376555,3.445482647384759,159.4,,,,,,,,,,,,,,,,1980.0,2.0,170.0,,boiler,standard,standard,oil,oil,,,,,Type_11,151.70003003003004,,2,OPEN,71-90,2_2,12
117,Type_16,Type16,Type,16.0,,3000.0,Tabula,Belgium,2000.0,detached_building,2.0,128.09584089926503,364.49301340250753,,90.89043666234328,90.89043666234328,70.96365470528893,35.481827352644466,0,124.08815823605705,5.335983571119757,0,5.335983571119757,0,5.335983571119757,0,5.335983571119757,0,,,,,,,31.022039559014264,0,31.022039559014264,0,31.022039559014264,0,31.022039559014264,0,0.3954419444170359,0.5735413922617608,0.5350340552330031,2.5082493239467922,183.4,,,,,,,,,,,,,,,,1998.0,2.0,161.6,,boiler,standard,standard,gas,gas,,,,,Type_16,90.89043666234328,,2,OPEN,91-05,0_0,12
118,Type_16,Type16,Type,16.0,,3000.0,Tabula,Belgium,2000.0,detached_building,2.0,129.91564862542955,370.775266323024,,89.12610395189003,89.12610395189003,68.55823310423825,34.27911655211913,0,125.41080756013746,5.863018685567011,0,5.863018685567011,0,5.863018685567011,0,5.863018685567011,0,,,,,,,31.352701890034364,0,31.352701890034364,0,31.352701890034364,0,31.352701890034364,0,0.4937445850678145,0.7024508294347744,0.7063099666001014,2.776453799056229,183.4,,,,,,,,,,,,,,,,1998.0,2.0,161.6,,boiler,standard,standard,gas,gas,,,,,Type_16,89.12610395189003,,2,OPEN,91-05,0_1,12
119,Type_16,Type16,Type,16.0,,3000.0,Tabula,Belgium,2000.0,detached_building,2.0,129.92358905338716,368.6790713324361,,94.65539255271422,94.65539255271422,69.5728009570809,34.78640047854045,0,124.87710632570659,6.399258636159713,0,6.399258636159713,0,6.399258636159713,0,6.399258636159713,0,,,,,,,31.219276581426648,0,31.219276581426648,0,31.219276581426648,0,31.219276581426648,0,0.8770938701606581,1.0483045493586136,0.995405001996188,2.916113524130283,183.4,,,,,,,,,,,,,,,,1998.0,2.0,161.6,,boiler,standard,standard,gas,gas,,,,,Type_16,94.65539255271422,,2,OPEN,91-05,0_2,12
120,Type_16,Type16,Type,16.0,,3000.0,Tabula,Belgium,2000.0,detached_building,2.0,187.12607692307694,554.4046153846155,,119.64183760683761,119.64183760683761,93.57177207977206,46.78588603988603,0,161.60299145299146,7.659627136752137,0,7.659627136752137,0,7.659627136752137,0,7.659627136752137,0,,,,,,,40.400747863247865,0,40.400747863247865,0,40.400747863247865,0,40.400747863247865,0,0.37246623456970385,0.5782979751499432,0.5242486984715145,2.454276510465748,183.4,,,,,,,,,,,,,,,,1998.0,2.0,161.6,,boiler,standard,standard,gas,gas,,,,,Type_16,119.64183760683761,,2,OPEN,91-05,1_0,12
121,Type_16,Type16,Type,16.0,,3000.0,Tabula,Belgium,2000.0,detached_building,2.0,186.57986369268897,553.9915241635688,,118.4414332920281,118.4414332920281,91.77938317499654,45.88969158749827,0,159.97034283353986,8.274723254853367,0,8.274723254853367,0,8.274723254853367,0,8.274723254853367,0,,,,,,,39.992585708384965,0,39.992585708384965,0,39.992585708384965,0,39.992585708384965,0,0.4707356053510582,0.6940488307802676,0.7074541852353626,2.7678536894260803,183.4,,,,,,,,,,,,,,,,1998.0,2.0,161.6,,boiler,standard,standard,gas,gas,,,,,Type_16,118.4414332920281,,2,OPEN,91-05,1_1,12
122,Type_16,Type16,Type,16.0,,3000.0,Tabula,Belgium,2000.0,detached_building,2.0,187.9077848101266,553.9714978902954,,122.97032067510547,122.97032067510547,91.67283263009844,45.83641631504922,0,163.53088607594938,8.700901898734177,0,8.700901898734177,0,8.700901898734177,0,8.700901898734177,0,,,,,,,40.882721518987346,0,40.882721518987346,0,40.882721518987346,0,40.882721518987346,0,0.848395671236946,0.9314337286184803,1.0268910380223064,2.8938346702801985,183.4,,,,,,,,,,,,,,,,1998.0,2.0,161.6,,boiler,standard,standard,gas,gas,,,,,Type_16,122.97032067510547,,2,OPEN,91-05,1_2,12
123,Type_16,Type16,Type,16.0,,3000.0,Tabula,Belgium,2000.0,detached_building,2.0,221.4507579787234,716.9020833333334,,137.79130762411347,137.79130762411347,113.28948286052008,56.64474143026004,0,191.57989361702127,8.90994570035461,0,8.90994570035461,0,8.90994570035461,0,8.90994570035461,0,,,,,,,47.89497340425532,0,47.89497340425532,0,47.89497340425532,0,47.89497340425532,0,0.36742992972692556,0.5877743260315023,0.5215444766614987,2.4568995734864365,183.4,,,,,,,,,,,,,,,,1998.0,2.0,161.6,,boiler,standard,standard,gas,gas,,,,,Type_16,137.79130762411347,,2,OPEN,91-05,2_0,12
124,Type_16,Type16,Type,16.0,,3000.0,Tabula,Belgium,2000.0,detached_building,2.0,222.5816160337553,707.0061561181435,,136.79291561181435,136.79291561181435,109.00274261603376,54.50137130801688,0,190.20404219409284,9.708539029535865,0,9.708539029535865,0,9.708539029535865,0,9.708539029535865,0,,,,,,,47.55101054852321,0,47.55101054852321,0,47.55101054852321,0,47.55101054852321,0,0.4591478105418237,0.6952496204527384,0.7129884855553127,2.7733973689159663,183.4,,,,,,,,,,,,,,,,1998.0,2.0,161.6,,boiler,standard,standard,gas,gas,,,,,Type_16,136.79291561181435,,2,OPEN,91-05,2_1,12
125,Type_16,Type16,Type,16.0,,3000.0,Tabula,Belgium,2000.0,detached_building,2.0,222.79939393939392,705.867264069264,,141.9726623376623,141.9726623376623,109.13368253968254,54.56684126984127,0,189.1038831168831,9.994311688311688,0,9.994311688311688,0,9.994311688311688,0,9.994311688311688,0,,,,,,,47.27597077922078,0,47.27597077922078,0,47.27597077922078,0,47.27597077922078,0,0.7820741161869532,0.9316577949745481,1.0269441095590701,2.9124868210261816,183.4,,,,,,,,,,,,,,,,1998.0,2.0,161.6,,boiler,standard,standard,gas,gas,,,,,Type_16,141.9726623376623,,2,OPEN,91-05,2_2,12
126,Type_26,Type26,Type,26.0,,3000.0,Tabula,Belgium,2015.0,detached_building,2.0,104.37216666666667,288.998,,73.29594444444444,73.29594444444444,58.50388888888887,29.251944444444437,0,114.64738888888888,4.304986111111111,0,4.304986111111111,0,4.304986111111111,0,4.304986111111111,0,,,,,,,28.66184722222222,0,28.66184722222222,0,28.66184722222222,0,28.66184722222222,0,0.31786807627838337,0.4391142917776056,0.37416856615313887,2.123889927544389,173.0,,,,,,,,,,,,,,,,2012.0,2.0,152.0,,boiler,condensing,condensing,gas,gas,,,,,Type_26,73.29594444444444,,2,OPEN,06-12,0_0,12
127,Type_26,Type26,Type,26.0,,3000.0,Tabula,Belgium,2015.0,detached_building,2.0,104.6532596685083,296.5668508287293,,69.60878453038674,69.60878453038674,54.83668508287292,27.41834254143646,0,116.46337016574586,4.536091160220995,0,4.536091160220995,0,4.536091160220995,0,4.536091160220995,0,,,,,,,29.115842541436464,0,29.115842541436464,0,29.115842541436464,0,29.115842541436464,0,0.37741223701876797,0.5665195634865524,0.5472210942191602,2.215443301114807,173.0,,,,,,,,,,,,,,,,2012.0,2.0,152.0,,boiler,condensing,condensing,gas,gas,,,,,Type_26,69.60878453038674,,2,OPEN,06-12,0_1,12
128,Type_26,Type26,Type,26.0,,3000.0,Tabula,Belgium,2015.0,detached_building,2.0,92.2081990521327,262.2921800947867,,63.55317535545024,63.55317535545024,47.98676145339652,23.99338072669826,0,102.96445497630332,4.910924170616114,0,4.910924170616114,0,4.910924170616114,0,4.910924170616114,0,,,,,,,25.74111374407583,0,25.74111374407583,0,25.74111374407583,0,25.74111374407583,0,0.4330050757609716,0.8567152119712228,0.7992916606389668,2.394006752197962,173.0,,,,,,,,,,,,,,,,2012.0,2.0,152.0,,boiler,condensing,condensing,gas,gas,,,,,Type_26,63.55317535545024,,2,OPEN,06-12,0_2,12
129,Type_26,Type26,Type,26.0,,3000.0,Tabula,Belgium,2015.0,detached_building,2.0,175.66329842931938,522.445392670157,,103.17068062827224,103.17068062827224,79.82851657940661,39.914258289703305,0,170.12806282722514,6.647120418848167,0,6.647120418848167,0,6.647120418848167,0,6.647120418848167,0,,,,,,,42.532015706806284,0,42.532015706806284,0,42.532015706806284,0,42.532015706806284,0,0.30370021358736127,0.4612614753592827,0.40071184125016235,1.9500204741418692,173.0,,,,,,,,,,,,,,,,2012.0,2.0,152.0,,boiler,condensing,condensing,gas,gas,,,,,Type_26,103.17068062827224,,2,OPEN,06-12,1_0,12
130,Type_26,Type26,Type,26.0,,3000.0,Tabula,Belgium,2015.0,detached_building,2.0,180.66506666666666,531.0862666666667,,108.8232,108.8232,82.3567111111111,41.17835555555555,0,169.75346666666667,8.011855555555556,0,8.011855555555556,0,8.011855555555556,0,8.011855555555556,0,,,,,,,42.43836666666667,0,42.43836666666667,0,42.43836666666667,0,42.43836666666667,0,0.3512347416970089,0.5732213404072133,0.49034416524264,2.159022178457822,173.0,,,,,,,,,,,,,,,,2012.0,2.0,152.0,,boiler,condensing,condensing,gas,gas,,,,,Type_26,108.8232,,2,OPEN,06-12,1_1,12
131,Type_26,Type26,Type,26.0,,3000.0,Tabula,Belgium,2015.0,detached_building,2.0,181.10508670520232,520.1479190751445,,103.48023121387284,103.48023121387284,76.58516377649323,38.292581888246616,0,167.42034682080924,9.026445086705202,0,9.026445086705202,0,9.026445086705202,0,9.026445086705202,0,,,,,,,41.85508670520231,0,41.85508670520231,0,41.85508670520231,0,41.85508670520231,0,0.5923755615270636,0.7088835075310578,0.6699961390042486,2.3639616774116763,173.0,,,,,,,,,,,,,,,,2012.0,2.0,152.0,,boiler,condensing,condensing,gas,gas,,,,,Type_26,103.48023121387284,,2,OPEN,06-12,1_2,12
132,Type_26,Type26,Type,26.0,,3000.0,Tabula,Belgium,2015.0,detached_building,2.0,216.09671568627454,706.085,,128.25799019607842,128.25799019607842,104.17104575163395,52.08552287581698,0,203.79083333333335,8.71672794117647,0,8.71672794117647,0,8.71672794117647,0,8.71672794117647,0,,,,,,,50.94770833333334,0,50.94770833333334,0,50.94770833333334,0,50.94770833333334,0,0.28987921585411763,0.4414355452160736,0.3473104442586421,2.006121990285833,173.0,,,,,,,,,,,,,,,,2012.0,2.0,152.0,,boiler,condensing,condensing,gas,gas,,,,,Type_26,128.25799019607842,,2,OPEN,06-12,2_0,12
133,Type_26,Type26,Type,26.0,,3000.0,Tabula,Belgium,2015.0,detached_building,2.0,221.39064864864864,714.0225945945946,,126.68702702702701,126.68702702702701,100.5228108108108,50.2614054054054,0,207.63875675675675,9.89272972972973,0,9.89272972972973,0,9.89272972972973,0,9.89272972972973,0,,,,,,,51.90968918918919,0,51.90968918918919,0,51.90968918918919,0,51.90968918918919,0,0.35112265437791895,0.5633377224461514,0.49113159415101076,2.2006923185872433,173.0,,,,,,,,,,,,,,,,2012.0,2.0,152.0,,boiler,condensing,condensing,gas,gas,,,,,Type_26,126.68702702702701,,2,OPEN,06-12,2_1,12
134,Type_26,Type26,Type,26.0,,3000.0,Tabula,Belgium,2015.0,detached_building,2.0,222.58366492146598,708.5220942408376,,124.34952879581151,124.34952879581151,94.47633507853402,47.23816753926701,0,207.76465968586388,11.36960732984293,0,11.36960732984293,0,11.36960732984293,0,11.36960732984293,0,,,,,,,51.94116492146597,0,51.94116492146597,0,51.94116492146597,0,51.94116492146597,0,0.7016349323275078,0.6244590037437644,0.6705877457775079,2.4087928411397383,173.0,,,,,,,,,,,,,,,,2012.0,2.0,152.0,,boiler,condensing,condensing,gas,gas,,,,,Type_26,124.34952879581151,,2,OPEN,06-12,2_2,12
0,APT_ENCL0,apartment,None,1.0,1.0,3000.0,None,Belgium,2008.0,apartment,1.0,85.0,250.0,,0.0,0.0,0.0,0.0,0,12.5,3.125,0,3.125,0,3.125,0,3.125,0,,,,,,,3.125,0,3.125,0,3.125,0,3.125,0,0.45,0.66,0.71,2.51,25.0,,,,,,,,,,,,,,,,2008.0,2.0,0.0,,boiler,condensing,condensing,gas,gas,,,,,Type_App,0.0,,2,APPARTEMENT,06-12,3_0,12
1,APT_ENCL1,apartment,None,1.0,1.0,3000.0,None,Belgium,1975.0,apartment,1.0,85.0,250.0,,0.0,0.0,0.0,0.0,0,12.5,3.125,0,3.125,0,3.125,0,3.125,0,,,,,,,3.125,0,3.125,0,3.125,0,3.125,0,0.72,1.24,1.12,2.92,25.0,,,,,,,,,,,,,,,,1975.0,2.0,0.0,,boiler,standard,standard,gas,gas,,,,,Type_App,0.0,,2,APPARTEMENT,71-90,3_1,12
2,APT_ENCL2,apartment,None,1.0,1.0,3000.0,None,Belgium,1940.0,apartment,1.0,85.0,250.0,,0.0,0.0,0.0,0.0,0,12.5,3.125,0,3.125,0,3.125,0,3.125,0,,,,,,,3.125,0,3.125,0,3.125,0,3.125,0,2.65,2.13,1.56,3.59,25.0,,,,,,,,,,,,,,,,1940.0,2.0,0.0,,boiler,standard,standard,gas,gas,,,,,Type_App,0.0,,2,APPARTEMENT,pre 45,3_2,12
3,APT_EXP0,apartment,None,1.0,1.0,3000.0,None,Belgium,2008.0,apartment,1.0,85.0,250.0,,0.0,0.0,0.0,85.0,0,57.970588235294116,5.360294117647059,0,5.360294117647059,0,5.360294117647059,0,5.360294117647059,0,,,,,,,14.492647058823529,0,14.492647058823529,0,14.492647058823529,0,14.492647058823529,0,0.45,0.66,0.71,2.51,79.41176470588235,,,,,,,,,,,,,,,,2008.0,2.0,85.0,,boiler,condensing,condensing,gas,gas,,,,,Type_App,0.0,,2,APPARTEMENT,06-12,4_0,12
4,APT_EXP1,apartment,None,1.0,1.0,3000.0,None,Belgium,1975.0,apartment,1.0,85.0,250.0,,0.0,0.0,0.0,85.0,0,57.970588235294116,5.360294117647059,0,5.360294117647059,0,5.360294117647059,0,5.360294117647059,0,,,,,,,14.492647058823529,0,14.492647058823529,0,14.492647058823529,0,14.492647058823529,0,0.72,1.24,1.12,2.92,79.41176470588235,,,,,,,,,,,,,,,,1975.0,2.0,85.0,,boiler,standard,standard,gas,gas,,,,,Type_App,0.0,,2,APPARTEMENT,71-90,4_1,12
5,APT_EXP2,apartment,None,1.0,1.0,3000.0,None,Belgium,1940.0,apartment,1.0,85.0,250.0,,0.0,0.0,0.0,85.0,0,57.970588235294116,5.360294117647059,0,5.360294117647059,0,5.360294117647059,0,5.360294117647059,0,,,,,,,14.492647058823529,0,14.492647058823529,0,14.492647058823529,0,14.492647058823529,0,2.65,2.13,1.56,3.59,79.41176470588235,,,,,,,,,,,,,,,,1940.0,2.0,85.0,,boiler,standard,standard,gas,gas,,,,,Type_App,0.0,,2,APPARTEMENT,pre 45,4_2,12
